solid
 facet normal  1.3761027770e-01 0.0000000000e+00 -9.9048645194e-01
   outer loop
     vertex 5.0000000000e-01 0.0000000000e+00 0.0000000000e+00
     vertex 4.9043339863e-01 4.0000000000e-01 -1.3291071969e-03
     vertex 5.0000000000e-01 4.0000000000e-01 0.0000000000e+00
   endloop
 endfacet
 facet normal  1.3761027770e-01 0.0000000000e+00 -9.9048645194e-01
   outer loop
     vertex 5.0000000000e-01 0.0000000000e+00 0.0000000000e+00
     vertex 4.9043339863e-01 0.0000000000e+00 -1.3291071969e-03
     vertex 4.9043339863e-01 4.0000000000e-01 -1.3291071969e-03
   endloop
 endfacet
 facet normal  1.3439440070e-01 0.0000000000e+00 -9.9092792122e-01
   outer loop
     vertex 4.9043339863e-01 0.0000000000e+00 -1.3291071969e-03
     vertex 4.7668001788e-01 4.0000000000e-01 -3.1944067044e-03
     vertex 4.9043339863e-01 4.0000000000e-01 -1.3291071969e-03
   endloop
 endfacet
 facet normal  1.3439440070e-01 0.0000000000e+00 -9.9092792122e-01
   outer loop
     vertex 4.9043339863e-01 0.0000000000e+00 -1.3291071969e-03
     vertex 4.7668001788e-01 0.0000000000e+00 -3.1944067044e-03
     vertex 4.7668001788e-01 4.0000000000e-01 -3.1944067044e-03
   endloop
 endfacet
 facet normal  1.2994999072e-01 0.0000000000e+00 -9.9152054942e-01
   outer loop
     vertex 4.7668001788e-01 0.0000000000e+00 -3.1944067044e-03
     vertex 4.5731408473e-01 4.0000000000e-01 -5.7325314398e-03
     vertex 4.7668001788e-01 4.0000000000e-01 -3.1944067044e-03
   endloop
 endfacet
 facet normal  1.2994999072e-01 0.0000000000e+00 -9.9152054942e-01
   outer loop
     vertex 4.7668001788e-01 0.0000000000e+00 -3.1944067044e-03
     vertex 4.5731408473e-01 0.0000000000e+00 -5.7325314398e-03
     vertex 4.5731408473e-01 4.0000000000e-01 -5.7325314398e-03
   endloop
 endfacet
 facet normal  1.2403339551e-01 0.0000000000e+00 -9.9227804410e-01
   outer loop
     vertex 4.5731408473e-01 0.0000000000e+00 -5.7325314398e-03
     vertex 4.3082896133e-01 4.0000000000e-01 -9.0431355647e-03
     vertex 4.5731408473e-01 4.0000000000e-01 -5.7325314398e-03
   endloop
 endfacet
 facet normal  1.2403339551e-01 0.0000000000e+00 -9.9227804410e-01
   outer loop
     vertex 4.5731408473e-01 0.0000000000e+00 -5.7325314398e-03
     vertex 4.3082896133e-01 0.0000000000e+00 -9.0431355647e-03
     vertex 4.3082896133e-01 4.0000000000e-01 -9.0431355647e-03
   endloop
 endfacet
 facet normal  1.1633378193e-01 0.0000000000e+00 -9.9321017473e-01
   outer loop
     vertex 4.3082896133e-01 0.0000000000e+00 -9.0431355647e-03
     vertex 3.9601714205e-01 4.0000000000e-01 -1.3120611508e-02
     vertex 4.3082896133e-01 4.0000000000e-01 -9.0431355647e-03
   endloop
 endfacet
 facet normal  1.1633378193e-01 0.0000000000e+00 -9.9321017473e-01
   outer loop
     vertex 4.3082896133e-01 0.0000000000e+00 -9.0431355647e-03
     vertex 3.9601714205e-01 0.0000000000e+00 -1.3120611508e-02
     vertex 3.9601714205e-01 4.0000000000e-01 -1.3120611508e-02
   endloop
 endfacet
 facet normal  1.0627101432e-01 0.0000000000e+00 -9.9433720212e-01
   outer loop
     vertex 3.9601714205e-01 0.0000000000e+00 -1.3120611508e-02
     vertex 3.5257223469e-01 4.0000000000e-01 -1.7763839542e-02
     vertex 3.9601714205e-01 4.0000000000e-01 -1.3120611508e-02
   endloop
 endfacet
 facet normal  1.0627101432e-01 0.0000000000e+00 -9.9433720212e-01
   outer loop
     vertex 3.9601714205e-01 0.0000000000e+00 -1.3120611508e-02
     vertex 3.5257223469e-01 0.0000000000e+00 -1.7763839542e-02
     vertex 3.5257223469e-01 4.0000000000e-01 -1.7763839542e-02
   endloop
 endfacet
 facet normal  9.2885301566e-02 0.0000000000e+00 -9.9567681541e-01
   outer loop
     vertex 3.5257223469e-01 0.0000000000e+00 -1.7763839542e-02
     vertex 3.0172720262e-01 4.0000000000e-01 -2.2507101676e-02
     vertex 3.5257223469e-01 4.0000000000e-01 -1.7763839542e-02
   endloop
 endfacet
 facet normal  9.2885301566e-02 0.0000000000e+00 -9.9567681541e-01
   outer loop
     vertex 3.5257223469e-01 0.0000000000e+00 -1.7763839542e-02
     vertex 3.0172720262e-01 0.0000000000e+00 -2.2507101676e-02
     vertex 3.0172720262e-01 4.0000000000e-01 -2.2507101676e-02
   endloop
 endfacet
 facet normal  7.4399363779e-02 0.0000000000e+00 -9.9722852680e-01
   outer loop
     vertex 3.0172720262e-01 0.0000000000e+00 -2.2507101676e-02
     vertex 2.4650630310e-01 4.0000000000e-01 -2.6626919432e-02
     vertex 3.0172720262e-01 4.0000000000e-01 -2.2507101676e-02
   endloop
 endfacet
 facet normal  7.4399363779e-02 -5.1624929178e-18 -9.9722852680e-01
   outer loop
     vertex 3.0172720262e-01 0.0000000000e+00 -2.2507101676e-02
     vertex 2.4650630310e-01 0.0000000000e+00 -2.6626919432e-02
     vertex 2.4650630310e-01 4.0000000000e-01 -2.6626919432e-02
   endloop
 endfacet
 facet normal  4.8455648455e-02 -3.6712193898e-18 -9.9882533515e-01
   outer loop
     vertex 2.4650630310e-01 0.0000000000e+00 -2.6626919432e-02
     vertex 1.9119794622e-01 0.0000000000e+00 -2.9310073536e-02
     vertex 2.4650630310e-01 4.0000000000e-01 -2.6626919432e-02
   endloop
 endfacet
 facet normal  4.8455648455e-02 0.0000000000e+00 -9.9882533515e-01
   outer loop
     vertex 2.4650630310e-01 4.0000000000e-01 -2.6626919432e-02
     vertex 1.9119794622e-01 0.0000000000e+00 -2.9310073536e-02
     vertex 1.9119794622e-01 4.0000000000e-01 -2.9310073536e-02
   endloop
 endfacet
 facet normal  1.2805392029e-02 0.0000000000e+00 -9.9991800761e-01
   outer loop
     vertex 1.9119794622e-01 0.0000000000e+00 -2.9310073536e-02
     vertex 1.4013923911e-01 0.0000000000e+00 -2.9963953911e-02
     vertex 1.9119794622e-01 4.0000000000e-01 -2.9310073536e-02
   endloop
 endfacet
 facet normal  1.2805392029e-02 0.0000000000e+00 -9.9991800761e-01
   outer loop
     vertex 1.9119794622e-01 4.0000000000e-01 -2.9310073536e-02
     vertex 1.4013923911e-01 0.0000000000e+00 -2.9963953911e-02
     vertex 1.4013923911e-01 4.0000000000e-01 -2.9963953911e-02
   endloop
 endfacet
 facet normal  -3.4216953933e-02 0.0000000000e+00 -9.9941442858e-01
   outer loop
     vertex 1.4013923911e-01 0.0000000000e+00 -2.9963953911e-02
     vertex 9.6477207371e-02 0.0000000000e+00 -2.8469096836e-02
     vertex 1.4013923911e-01 4.0000000000e-01 -2.9963953911e-02
   endloop
 endfacet
 facet normal  -3.4216953933e-02 0.0000000000e+00 -9.9941442858e-01
   outer loop
     vertex 1.4013923911e-01 4.0000000000e-01 -2.9963953911e-02
     vertex 9.6477207371e-02 0.0000000000e+00 -2.8469096836e-02
     vertex 9.6477207371e-02 4.0000000000e-01 -2.8469096836e-02
   endloop
 endfacet
 facet normal  -9.4624214898e-02 0.0000000000e+00 -9.9551306267e-01
   outer loop
     vertex 9.6477207371e-02 0.0000000000e+00 -2.8469096836e-02
     vertex 6.1591102994e-02 0.0000000000e+00 -2.5153148145e-02
     vertex 9.6477207371e-02 4.0000000000e-01 -2.8469096836e-02
   endloop
 endfacet
 facet normal  -9.4624214898e-02 0.0000000000e+00 -9.9551306267e-01
   outer loop
     vertex 9.6477207371e-02 4.0000000000e-01 -2.8469096836e-02
     vertex 6.1591102994e-02 0.0000000000e+00 -2.5153148145e-02
     vertex 6.1591102994e-02 4.0000000000e-01 -2.5153148145e-02
   endloop
 endfacet
 facet normal  -1.7390258613e-01 0.0000000000e+00 -9.8476286005e-01
   outer loop
     vertex 6.1591102994e-02 0.0000000000e+00 -2.5153148145e-02
     vertex 3.5315844343e-02 0.0000000000e+00 -2.0513111832e-02
     vertex 6.1591102994e-02 4.0000000000e-01 -2.5153148145e-02
   endloop
 endfacet
 facet normal  -1.7390258613e-01 0.0000000000e+00 -9.8476286005e-01
   outer loop
     vertex 6.1591102994e-02 4.0000000000e-01 -2.5153148145e-02
     vertex 3.5315844343e-02 0.0000000000e+00 -2.0513111832e-02
     vertex 3.5315844343e-02 4.0000000000e-01 -2.0513111832e-02
   endloop
 endfacet
 facet normal  -2.8796319051e-01 0.0000000000e+00 -9.5764147828e-01
   outer loop
     vertex 3.5315844343e-02 0.0000000000e+00 -2.0513111832e-02
     vertex 1.6628583540e-02 0.0000000000e+00 -1.4893844742e-02
     vertex 3.5315844343e-02 4.0000000000e-01 -2.0513111832e-02
   endloop
 endfacet
 facet normal  -2.8796319051e-01 0.0000000000e+00 -9.5764147828e-01
   outer loop
     vertex 3.5315844343e-02 4.0000000000e-01 -2.0513111832e-02
     vertex 1.6628583540e-02 0.0000000000e+00 -1.4893844742e-02
     vertex 1.6628583540e-02 4.0000000000e-01 -1.4893844742e-02
   endloop
 endfacet
 facet normal  -4.8644732468e-01 0.0000000000e+00 -8.7370990627e-01
   outer loop
     vertex 1.6628583540e-02 0.0000000000e+00 -1.4893844742e-02
     vertex 4.5527334264e-03 0.0000000000e+00 -8.1704861777e-03
     vertex 1.6628583540e-02 4.0000000000e-01 -1.4893844742e-02
   endloop
 endfacet
 facet normal  -4.8644732468e-01 0.0000000000e+00 -8.7370990627e-01
   outer loop
     vertex 1.6628583540e-02 4.0000000000e-01 -1.4893844742e-02
     vertex 4.5527334264e-03 0.0000000000e+00 -8.1704861777e-03
     vertex 4.5527334264e-03 4.0000000000e-01 -8.1704861777e-03
   endloop
 endfacet
 facet normal  -8.7354045498e-01 0.0000000000e+00 -4.8675155214e-01
   outer loop
     vertex 4.5527334264e-03 0.0000000000e+00 -8.1704861777e-03
     vertex 0.0000000000e+00 0.0000000000e+00 0.0000000000e+00
     vertex 4.5527334264e-03 4.0000000000e-01 -8.1704861777e-03
   endloop
 endfacet
 facet normal  -8.7354045498e-01 0.0000000000e+00 -4.8675155214e-01
   outer loop
     vertex 4.5527334264e-03 4.0000000000e-01 -8.1704861777e-03
     vertex 0.0000000000e+00 0.0000000000e+00 0.0000000000e+00
     vertex 0.0000000000e+00 4.0000000000e-01 0.0000000000e+00
   endloop
 endfacet
 facet normal  -8.7354045498e-01 0.0000000000e+00 4.8675155214e-01
   outer loop
     vertex 0.0000000000e+00 0.0000000000e+00 0.0000000000e+00
     vertex 4.5527334264e-03 4.0000000000e-01 8.1704861777e-03
     vertex 0.0000000000e+00 4.0000000000e-01 0.0000000000e+00
   endloop
 endfacet
 facet normal  -8.7354045498e-01 0.0000000000e+00 4.8675155214e-01
   outer loop
     vertex 0.0000000000e+00 0.0000000000e+00 0.0000000000e+00
     vertex 4.5527334264e-03 0.0000000000e+00 8.1704861777e-03
     vertex 4.5527334264e-03 4.0000000000e-01 8.1704861777e-03
   endloop
 endfacet
 facet normal  -4.8644732468e-01 0.0000000000e+00 8.7370990627e-01
   outer loop
     vertex 4.5527334264e-03 0.0000000000e+00 8.1704861777e-03
     vertex 1.6628583540e-02 4.0000000000e-01 1.4893844742e-02
     vertex 4.5527334264e-03 4.0000000000e-01 8.1704861777e-03
   endloop
 endfacet
 facet normal  -4.8644732468e-01 3.7891127140e-18 8.7370990627e-01
   outer loop
     vertex 4.5527334264e-03 0.0000000000e+00 8.1704861777e-03
     vertex 1.6628583540e-02 0.0000000000e+00 1.4893844742e-02
     vertex 1.6628583540e-02 4.0000000000e-01 1.4893844742e-02
   endloop
 endfacet
 facet normal  -2.8796319051e-01 3.4725426793e-18 9.5764147828e-01
   outer loop
     vertex 1.6628583540e-02 0.0000000000e+00 1.4893844742e-02
     vertex 3.5315844343e-02 4.0000000000e-01 2.0513111832e-02
     vertex 1.6628583540e-02 4.0000000000e-01 1.4893844742e-02
   endloop
 endfacet
 facet normal  -2.8796319051e-01 0.0000000000e+00 9.5764147828e-01
   outer loop
     vertex 1.6628583540e-02 0.0000000000e+00 1.4893844742e-02
     vertex 3.5315844343e-02 0.0000000000e+00 2.0513111832e-02
     vertex 3.5315844343e-02 4.0000000000e-01 2.0513111832e-02
   endloop
 endfacet
 facet normal  -1.7390258613e-01 0.0000000000e+00 9.8476286005e-01
   outer loop
     vertex 3.5315844343e-02 0.0000000000e+00 2.0513111832e-02
     vertex 6.1591102994e-02 4.0000000000e-01 2.5153148145e-02
     vertex 3.5315844343e-02 4.0000000000e-01 2.0513111832e-02
   endloop
 endfacet
 facet normal  -1.7390258613e-01 0.0000000000e+00 9.8476286005e-01
   outer loop
     vertex 3.5315844343e-02 0.0000000000e+00 2.0513111832e-02
     vertex 6.1591102994e-02 0.0000000000e+00 2.5153148145e-02
     vertex 6.1591102994e-02 4.0000000000e-01 2.5153148145e-02
   endloop
 endfacet
 facet normal  -9.4624214898e-02 0.0000000000e+00 9.9551306267e-01
   outer loop
     vertex 6.1591102994e-02 0.0000000000e+00 2.5153148145e-02
     vertex 9.6477207371e-02 4.0000000000e-01 2.8469096836e-02
     vertex 6.1591102994e-02 4.0000000000e-01 2.5153148145e-02
   endloop
 endfacet
 facet normal  -9.4624214898e-02 0.0000000000e+00 9.9551306267e-01
   outer loop
     vertex 6.1591102994e-02 0.0000000000e+00 2.5153148145e-02
     vertex 9.6477207371e-02 0.0000000000e+00 2.8469096836e-02
     vertex 9.6477207371e-02 4.0000000000e-01 2.8469096836e-02
   endloop
 endfacet
 facet normal  -3.4216953933e-02 0.0000000000e+00 9.9941442858e-01
   outer loop
     vertex 9.6477207371e-02 0.0000000000e+00 2.8469096836e-02
     vertex 1.4013923911e-01 4.0000000000e-01 2.9963953911e-02
     vertex 9.6477207371e-02 4.0000000000e-01 2.8469096836e-02
   endloop
 endfacet
 facet normal  -3.4216953933e-02 0.0000000000e+00 9.9941442858e-01
   outer loop
     vertex 9.6477207371e-02 0.0000000000e+00 2.8469096836e-02
     vertex 1.4013923911e-01 0.0000000000e+00 2.9963953911e-02
     vertex 1.4013923911e-01 4.0000000000e-01 2.9963953911e-02
   endloop
 endfacet
 facet normal  1.2805392029e-02 0.0000000000e+00 9.9991800761e-01
   outer loop
     vertex 1.4013923911e-01 0.0000000000e+00 2.9963953911e-02
     vertex 1.9119794622e-01 4.0000000000e-01 2.9310073536e-02
     vertex 1.4013923911e-01 4.0000000000e-01 2.9963953911e-02
   endloop
 endfacet
 facet normal  1.2805392029e-02 -8.6729062092e-18 9.9991800761e-01
   outer loop
     vertex 1.4013923911e-01 0.0000000000e+00 2.9963953911e-02
     vertex 1.9119794622e-01 0.0000000000e+00 2.9310073536e-02
     vertex 1.9119794622e-01 4.0000000000e-01 2.9310073536e-02
   endloop
 endfacet
 facet normal  4.8455648455e-02 -8.5661785763e-18 9.9882533515e-01
   outer loop
     vertex 1.9119794622e-01 0.0000000000e+00 2.9310073536e-02
     vertex 2.4650630310e-01 4.0000000000e-01 2.6626919432e-02
     vertex 1.9119794622e-01 4.0000000000e-01 2.9310073536e-02
   endloop
 endfacet
 facet normal  4.8455648455e-02 -0.0000000000e+00 9.9882533515e-01
   outer loop
     vertex 1.9119794622e-01 0.0000000000e+00 2.9310073536e-02
     vertex 2.4650630310e-01 0.0000000000e+00 2.6626919432e-02
     vertex 2.4650630310e-01 4.0000000000e-01 2.6626919432e-02
   endloop
 endfacet
 facet normal  7.4399363779e-02 0.0000000000e+00 9.9722852680e-01
   outer loop
     vertex 2.4650630310e-01 0.0000000000e+00 2.6626919432e-02
     vertex 3.0172720262e-01 0.0000000000e+00 2.2507101676e-02
     vertex 2.4650630310e-01 4.0000000000e-01 2.6626919432e-02
   endloop
 endfacet
 facet normal  7.4399363779e-02 -0.0000000000e+00 9.9722852680e-01
   outer loop
     vertex 2.4650630310e-01 4.0000000000e-01 2.6626919432e-02
     vertex 3.0172720262e-01 0.0000000000e+00 2.2507101676e-02
     vertex 3.0172720262e-01 4.0000000000e-01 2.2507101676e-02
   endloop
 endfacet
 facet normal  9.2885301566e-02 0.0000000000e+00 9.9567681541e-01
   outer loop
     vertex 3.0172720262e-01 0.0000000000e+00 2.2507101676e-02
     vertex 3.5257223469e-01 0.0000000000e+00 1.7763839542e-02
     vertex 3.0172720262e-01 4.0000000000e-01 2.2507101676e-02
   endloop
 endfacet
 facet normal  9.2885301566e-02 -0.0000000000e+00 9.9567681541e-01
   outer loop
     vertex 3.0172720262e-01 4.0000000000e-01 2.2507101676e-02
     vertex 3.5257223469e-01 0.0000000000e+00 1.7763839542e-02
     vertex 3.5257223469e-01 4.0000000000e-01 1.7763839542e-02
   endloop
 endfacet
 facet normal  1.0627101432e-01 0.0000000000e+00 9.9433720212e-01
   outer loop
     vertex 3.5257223469e-01 0.0000000000e+00 1.7763839542e-02
     vertex 3.9601714205e-01 0.0000000000e+00 1.3120611508e-02
     vertex 3.5257223469e-01 4.0000000000e-01 1.7763839542e-02
   endloop
 endfacet
 facet normal  1.0627101432e-01 -0.0000000000e+00 9.9433720212e-01
   outer loop
     vertex 3.5257223469e-01 4.0000000000e-01 1.7763839542e-02
     vertex 3.9601714205e-01 0.0000000000e+00 1.3120611508e-02
     vertex 3.9601714205e-01 4.0000000000e-01 1.3120611508e-02
   endloop
 endfacet
 facet normal  1.1633378193e-01 0.0000000000e+00 9.9321017473e-01
   outer loop
     vertex 3.9601714205e-01 0.0000000000e+00 1.3120611508e-02
     vertex 4.3082896133e-01 0.0000000000e+00 9.0431355647e-03
     vertex 3.9601714205e-01 4.0000000000e-01 1.3120611508e-02
   endloop
 endfacet
 facet normal  1.1633378193e-01 -0.0000000000e+00 9.9321017473e-01
   outer loop
     vertex 3.9601714205e-01 4.0000000000e-01 1.3120611508e-02
     vertex 4.3082896133e-01 0.0000000000e+00 9.0431355647e-03
     vertex 4.3082896133e-01 4.0000000000e-01 9.0431355647e-03
   endloop
 endfacet
 facet normal  1.2403339551e-01 0.0000000000e+00 9.9227804410e-01
   outer loop
     vertex 4.3082896133e-01 0.0000000000e+00 9.0431355647e-03
     vertex 4.5731408473e-01 0.0000000000e+00 5.7325314398e-03
     vertex 4.3082896133e-01 4.0000000000e-01 9.0431355647e-03
   endloop
 endfacet
 facet normal  1.2403339551e-01 -1.7213091440e-17 9.9227804410e-01
   outer loop
     vertex 4.3082896133e-01 4.0000000000e-01 9.0431355647e-03
     vertex 4.5731408473e-01 0.0000000000e+00 5.7325314398e-03
     vertex 4.5731408473e-01 4.0000000000e-01 5.7325314398e-03
   endloop
 endfacet
 facet normal  1.2994999072e-01 -1.8214316768e-17 9.9152054942e-01
   outer loop
     vertex 4.5731408473e-01 0.0000000000e+00 5.7325314398e-03
     vertex 4.7668001788e-01 0.0000000000e+00 3.1944067044e-03
     vertex 4.5731408473e-01 4.0000000000e-01 5.7325314398e-03
   endloop
 endfacet
 facet normal  1.2994999072e-01 1.8034183968e-17 9.9152054942e-01
   outer loop
     vertex 4.5731408473e-01 4.0000000000e-01 5.7325314398e-03
     vertex 4.7668001788e-01 0.0000000000e+00 3.1944067044e-03
     vertex 4.7668001788e-01 4.0000000000e-01 3.1944067044e-03
   endloop
 endfacet
 facet normal  1.3439440070e-01 1.8918844028e-17 9.9092792122e-01
   outer loop
     vertex 4.7668001788e-01 0.0000000000e+00 3.1944067044e-03
     vertex 4.9043339863e-01 0.0000000000e+00 1.3291071969e-03
     vertex 4.7668001788e-01 4.0000000000e-01 3.1944067044e-03
   endloop
 endfacet
 facet normal  1.3439440070e-01 -0.0000000000e+00 9.9092792122e-01
   outer loop
     vertex 4.7668001788e-01 4.0000000000e-01 3.1944067044e-03
     vertex 4.9043339863e-01 0.0000000000e+00 1.3291071969e-03
     vertex 4.9043339863e-01 4.0000000000e-01 1.3291071969e-03
   endloop
 endfacet
 facet normal  1.3761027770e-01 0.0000000000e+00 9.9048645194e-01
   outer loop
     vertex 4.9043339863e-01 0.0000000000e+00 1.3291071969e-03
     vertex 5.0000000000e-01 0.0000000000e+00 0.0000000000e+00
     vertex 4.9043339863e-01 4.0000000000e-01 1.3291071969e-03
   endloop
 endfacet
 facet normal  1.3761027770e-01 -0.0000000000e+00 9.9048645194e-01
   outer loop
     vertex 4.9043339863e-01 4.0000000000e-01 1.3291071969e-03
     vertex 5.0000000000e-01 0.0000000000e+00 0.0000000000e+00
     vertex 5.0000000000e-01 4.0000000000e-01 0.0000000000e+00
   endloop
 endfacet
 facet normal  1.3761027770e-01 0.0000000000e+00 -9.9048645194e-01
   outer loop
     vertex 5.0000000000e-01 4.0000000000e-01 0.0000000000e+00
     vertex 4.9043339863e-01 8.0000000000e-01 -1.3291071969e-03
     vertex 5.0000000000e-01 8.0000000000e-01 0.0000000000e+00
   endloop
 endfacet
 facet normal  1.3761027770e-01 -1.9097262340e-17 -9.9048645194e-01
   outer loop
     vertex 5.0000000000e-01 4.0000000000e-01 0.0000000000e+00
     vertex 4.9043339863e-01 4.0000000000e-01 -1.3291071969e-03
     vertex 4.9043339863e-01 8.0000000000e-01 -1.3291071969e-03
   endloop
 endfacet
 facet normal  1.3439440070e-01 -1.8918844028e-17 -9.9092792122e-01
   outer loop
     vertex 4.9043339863e-01 4.0000000000e-01 -1.3291071969e-03
     vertex 4.7668001788e-01 8.0000000000e-01 -3.1944067044e-03
     vertex 4.9043339863e-01 8.0000000000e-01 -1.3291071969e-03
   endloop
 endfacet
 facet normal  1.3439440070e-01 0.0000000000e+00 -9.9092792122e-01
   outer loop
     vertex 4.9043339863e-01 4.0000000000e-01 -1.3291071969e-03
     vertex 4.7668001788e-01 4.0000000000e-01 -3.1944067044e-03
     vertex 4.7668001788e-01 8.0000000000e-01 -3.1944067044e-03
   endloop
 endfacet
 facet normal  1.2994999072e-01 0.0000000000e+00 -9.9152054942e-01
   outer loop
     vertex 4.7668001788e-01 4.0000000000e-01 -3.1944067044e-03
     vertex 4.5731408473e-01 8.0000000000e-01 -5.7325314398e-03
     vertex 4.7668001788e-01 8.0000000000e-01 -3.1944067044e-03
   endloop
 endfacet
 facet normal  1.2994999072e-01 -1.8034183968e-17 -9.9152054942e-01
   outer loop
     vertex 4.7668001788e-01 4.0000000000e-01 -3.1944067044e-03
     vertex 4.5731408473e-01 4.0000000000e-01 -5.7325314398e-03
     vertex 4.5731408473e-01 8.0000000000e-01 -5.7325314398e-03
   endloop
 endfacet
 facet normal  1.2403339551e-01 -1.6501940935e-17 -9.9227804410e-01
   outer loop
     vertex 4.5731408473e-01 4.0000000000e-01 -5.7325314398e-03
     vertex 4.3082896133e-01 8.0000000000e-01 -9.0431355647e-03
     vertex 4.5731408473e-01 8.0000000000e-01 -5.7325314398e-03
   endloop
 endfacet
 facet normal  1.2403339551e-01 1.7213091440e-17 -9.9227804410e-01
   outer loop
     vertex 4.5731408473e-01 4.0000000000e-01 -5.7325314398e-03
     vertex 4.3082896133e-01 4.0000000000e-01 -9.0431355647e-03
     vertex 4.3082896133e-01 8.0000000000e-01 -9.0431355647e-03
   endloop
 endfacet
 facet normal  1.1633378193e-01 1.7399919519e-17 -9.9321017473e-01
   outer loop
     vertex 4.3082896133e-01 4.0000000000e-01 -9.0431355647e-03
     vertex 3.9601714205e-01 8.0000000000e-01 -1.3120611508e-02
     vertex 4.3082896133e-01 8.0000000000e-01 -9.0431355647e-03
   endloop
 endfacet
 facet normal  1.1633378193e-01 0.0000000000e+00 -9.9321017473e-01
   outer loop
     vertex 4.3082896133e-01 4.0000000000e-01 -9.0431355647e-03
     vertex 3.9601714205e-01 4.0000000000e-01 -1.3120611508e-02
     vertex 3.9601714205e-01 8.0000000000e-01 -1.3120611508e-02
   endloop
 endfacet
 facet normal  1.0627101432e-01 0.0000000000e+00 -9.9433720212e-01
   outer loop
     vertex 3.9601714205e-01 4.0000000000e-01 -1.3120611508e-02
     vertex 3.5257223469e-01 8.0000000000e-01 -1.7763839542e-02
     vertex 3.9601714205e-01 8.0000000000e-01 -1.3120611508e-02
   endloop
 endfacet
 facet normal  1.0627101432e-01 0.0000000000e+00 -9.9433720212e-01
   outer loop
     vertex 3.9601714205e-01 4.0000000000e-01 -1.3120611508e-02
     vertex 3.5257223469e-01 4.0000000000e-01 -1.7763839542e-02
     vertex 3.5257223469e-01 8.0000000000e-01 -1.7763839542e-02
   endloop
 endfacet
 facet normal  9.2885301566e-02 0.0000000000e+00 -9.9567681541e-01
   outer loop
     vertex 3.5257223469e-01 4.0000000000e-01 -1.7763839542e-02
     vertex 3.0172720262e-01 8.0000000000e-01 -2.2507101676e-02
     vertex 3.5257223469e-01 8.0000000000e-01 -1.7763839542e-02
   endloop
 endfacet
 facet normal  9.2885301566e-02 0.0000000000e+00 -9.9567681541e-01
   outer loop
     vertex 3.5257223469e-01 4.0000000000e-01 -1.7763839542e-02
     vertex 3.0172720262e-01 4.0000000000e-01 -2.2507101676e-02
     vertex 3.0172720262e-01 8.0000000000e-01 -2.2507101676e-02
   endloop
 endfacet
 facet normal  7.4399363779e-02 0.0000000000e+00 -9.9722852680e-01
   outer loop
     vertex 3.0172720262e-01 4.0000000000e-01 -2.2507101676e-02
     vertex 2.4650630310e-01 8.0000000000e-01 -2.6626919432e-02
     vertex 3.0172720262e-01 8.0000000000e-01 -2.2507101676e-02
   endloop
 endfacet
 facet normal  7.4399363779e-02 5.1624929178e-18 -9.9722852680e-01
   outer loop
     vertex 3.0172720262e-01 4.0000000000e-01 -2.2507101676e-02
     vertex 2.4650630310e-01 4.0000000000e-01 -2.6626919432e-02
     vertex 2.4650630310e-01 8.0000000000e-01 -2.6626919432e-02
   endloop
 endfacet
 facet normal  4.8455648455e-02 3.6712193898e-18 -9.9882533515e-01
   outer loop
     vertex 2.4650630310e-01 4.0000000000e-01 -2.6626919432e-02
     vertex 1.9119794622e-01 4.0000000000e-01 -2.9310073536e-02
     vertex 2.4650630310e-01 8.0000000000e-01 -2.6626919432e-02
   endloop
 endfacet
 facet normal  4.8455648455e-02 -8.6634287864e-18 -9.9882533515e-01
   outer loop
     vertex 2.4650630310e-01 8.0000000000e-01 -2.6626919432e-02
     vertex 1.9119794622e-01 4.0000000000e-01 -2.9310073536e-02
     vertex 1.9119794622e-01 8.0000000000e-01 -2.9310073536e-02
   endloop
 endfacet
 facet normal  1.2805392029e-02 -8.9575375921e-18 -9.9991800761e-01
   outer loop
     vertex 1.9119794622e-01 4.0000000000e-01 -2.9310073536e-02
     vertex 1.4013923911e-01 4.0000000000e-01 -2.9963953911e-02
     vertex 1.9119794622e-01 8.0000000000e-01 -2.9310073536e-02
   endloop
 endfacet
 facet normal  1.2805392029e-02 0.0000000000e+00 -9.9991800761e-01
   outer loop
     vertex 1.9119794622e-01 8.0000000000e-01 -2.9310073536e-02
     vertex 1.4013923911e-01 4.0000000000e-01 -2.9963953911e-02
     vertex 1.4013923911e-01 8.0000000000e-01 -2.9963953911e-02
   endloop
 endfacet
 facet normal  -3.4216953933e-02 0.0000000000e+00 -9.9941442858e-01
   outer loop
     vertex 1.4013923911e-01 4.0000000000e-01 -2.9963953911e-02
     vertex 9.6477207371e-02 4.0000000000e-01 -2.8469096836e-02
     vertex 1.4013923911e-01 8.0000000000e-01 -2.9963953911e-02
   endloop
 endfacet
 facet normal  -3.4216953933e-02 0.0000000000e+00 -9.9941442858e-01
   outer loop
     vertex 1.4013923911e-01 8.0000000000e-01 -2.9963953911e-02
     vertex 9.6477207371e-02 4.0000000000e-01 -2.8469096836e-02
     vertex 9.6477207371e-02 8.0000000000e-01 -2.8469096836e-02
   endloop
 endfacet
 facet normal  -9.4624214898e-02 0.0000000000e+00 -9.9551306267e-01
   outer loop
     vertex 9.6477207371e-02 4.0000000000e-01 -2.8469096836e-02
     vertex 6.1591102994e-02 4.0000000000e-01 -2.5153148145e-02
     vertex 9.6477207371e-02 8.0000000000e-01 -2.8469096836e-02
   endloop
 endfacet
 facet normal  -9.4624214898e-02 0.0000000000e+00 -9.9551306267e-01
   outer loop
     vertex 9.6477207371e-02 8.0000000000e-01 -2.8469096836e-02
     vertex 6.1591102994e-02 4.0000000000e-01 -2.5153148145e-02
     vertex 6.1591102994e-02 8.0000000000e-01 -2.5153148145e-02
   endloop
 endfacet
 facet normal  -1.7390258613e-01 0.0000000000e+00 -9.8476286005e-01
   outer loop
     vertex 6.1591102994e-02 4.0000000000e-01 -2.5153148145e-02
     vertex 3.5315844343e-02 4.0000000000e-01 -2.0513111832e-02
     vertex 6.1591102994e-02 8.0000000000e-01 -2.5153148145e-02
   endloop
 endfacet
 facet normal  -1.7390258613e-01 0.0000000000e+00 -9.8476286005e-01
   outer loop
     vertex 6.1591102994e-02 8.0000000000e-01 -2.5153148145e-02
     vertex 3.5315844343e-02 4.0000000000e-01 -2.0513111832e-02
     vertex 3.5315844343e-02 8.0000000000e-01 -2.0513111832e-02
   endloop
 endfacet
 facet normal  -2.8796319051e-01 0.0000000000e+00 -9.5764147828e-01
   outer loop
     vertex 3.5315844343e-02 4.0000000000e-01 -2.0513111832e-02
     vertex 1.6628583540e-02 4.0000000000e-01 -1.4893844742e-02
     vertex 3.5315844343e-02 8.0000000000e-01 -2.0513111832e-02
   endloop
 endfacet
 facet normal  -2.8796319051e-01 0.0000000000e+00 -9.5764147828e-01
   outer loop
     vertex 3.5315844343e-02 8.0000000000e-01 -2.0513111832e-02
     vertex 1.6628583540e-02 4.0000000000e-01 -1.4893844742e-02
     vertex 1.6628583540e-02 8.0000000000e-01 -1.4893844742e-02
   endloop
 endfacet
 facet normal  -4.8644732468e-01 0.0000000000e+00 -8.7370990627e-01
   outer loop
     vertex 1.6628583540e-02 4.0000000000e-01 -1.4893844742e-02
     vertex 4.5527334264e-03 4.0000000000e-01 -8.1704861777e-03
     vertex 1.6628583540e-02 8.0000000000e-01 -1.4893844742e-02
   endloop
 endfacet
 facet normal  -4.8644732468e-01 0.0000000000e+00 -8.7370990627e-01
   outer loop
     vertex 1.6628583540e-02 8.0000000000e-01 -1.4893844742e-02
     vertex 4.5527334264e-03 4.0000000000e-01 -8.1704861777e-03
     vertex 4.5527334264e-03 8.0000000000e-01 -8.1704861777e-03
   endloop
 endfacet
 facet normal  -8.7354045498e-01 0.0000000000e+00 -4.8675155214e-01
   outer loop
     vertex 4.5527334264e-03 4.0000000000e-01 -8.1704861777e-03
     vertex 0.0000000000e+00 4.0000000000e-01 0.0000000000e+00
     vertex 4.5527334264e-03 8.0000000000e-01 -8.1704861777e-03
   endloop
 endfacet
 facet normal  -8.7354045498e-01 0.0000000000e+00 -4.8675155214e-01
   outer loop
     vertex 4.5527334264e-03 8.0000000000e-01 -8.1704861777e-03
     vertex 0.0000000000e+00 4.0000000000e-01 0.0000000000e+00
     vertex 0.0000000000e+00 8.0000000000e-01 0.0000000000e+00
   endloop
 endfacet
 facet normal  -8.7354045498e-01 0.0000000000e+00 4.8675155214e-01
   outer loop
     vertex 0.0000000000e+00 4.0000000000e-01 0.0000000000e+00
     vertex 4.5527334264e-03 8.0000000000e-01 8.1704861777e-03
     vertex 0.0000000000e+00 8.0000000000e-01 0.0000000000e+00
   endloop
 endfacet
 facet normal  -8.7354045498e-01 0.0000000000e+00 4.8675155214e-01
   outer loop
     vertex 0.0000000000e+00 4.0000000000e-01 0.0000000000e+00
     vertex 4.5527334264e-03 4.0000000000e-01 8.1704861777e-03
     vertex 4.5527334264e-03 8.0000000000e-01 8.1704861777e-03
   endloop
 endfacet
 facet normal  -4.8644732468e-01 0.0000000000e+00 8.7370990627e-01
   outer loop
     vertex 4.5527334264e-03 4.0000000000e-01 8.1704861777e-03
     vertex 1.6628583540e-02 8.0000000000e-01 1.4893844742e-02
     vertex 4.5527334264e-03 8.0000000000e-01 8.1704861777e-03
   endloop
 endfacet
 facet normal  -4.8644732468e-01 -3.7891127140e-18 8.7370990627e-01
   outer loop
     vertex 4.5527334264e-03 4.0000000000e-01 8.1704861777e-03
     vertex 1.6628583540e-02 4.0000000000e-01 1.4893844742e-02
     vertex 1.6628583540e-02 8.0000000000e-01 1.4893844742e-02
   endloop
 endfacet
 facet normal  -2.8796319051e-01 -3.4725426793e-18 9.5764147828e-01
   outer loop
     vertex 1.6628583540e-02 4.0000000000e-01 1.4893844742e-02
     vertex 3.5315844343e-02 8.0000000000e-01 2.0513111832e-02
     vertex 1.6628583540e-02 8.0000000000e-01 1.4893844742e-02
   endloop
 endfacet
 facet normal  -2.8796319051e-01 0.0000000000e+00 9.5764147828e-01
   outer loop
     vertex 1.6628583540e-02 4.0000000000e-01 1.4893844742e-02
     vertex 3.5315844343e-02 4.0000000000e-01 2.0513111832e-02
     vertex 3.5315844343e-02 8.0000000000e-01 2.0513111832e-02
   endloop
 endfacet
 facet normal  -1.7390258613e-01 0.0000000000e+00 9.8476286005e-01
   outer loop
     vertex 3.5315844343e-02 4.0000000000e-01 2.0513111832e-02
     vertex 6.1591102994e-02 8.0000000000e-01 2.5153148145e-02
     vertex 3.5315844343e-02 8.0000000000e-01 2.0513111832e-02
   endloop
 endfacet
 facet normal  -1.7390258613e-01 0.0000000000e+00 9.8476286005e-01
   outer loop
     vertex 3.5315844343e-02 4.0000000000e-01 2.0513111832e-02
     vertex 6.1591102994e-02 4.0000000000e-01 2.5153148145e-02
     vertex 6.1591102994e-02 8.0000000000e-01 2.5153148145e-02
   endloop
 endfacet
 facet normal  -9.4624214898e-02 0.0000000000e+00 9.9551306267e-01
   outer loop
     vertex 6.1591102994e-02 4.0000000000e-01 2.5153148145e-02
     vertex 9.6477207371e-02 8.0000000000e-01 2.8469096836e-02
     vertex 6.1591102994e-02 8.0000000000e-01 2.5153148145e-02
   endloop
 endfacet
 facet normal  -9.4624214898e-02 8.6346994023e-18 9.9551306267e-01
   outer loop
     vertex 6.1591102994e-02 4.0000000000e-01 2.5153148145e-02
     vertex 9.6477207371e-02 4.0000000000e-01 2.8469096836e-02
     vertex 9.6477207371e-02 8.0000000000e-01 2.8469096836e-02
   endloop
 endfacet
 facet normal  -3.4216953933e-02 8.5308961290e-18 9.9941442858e-01
   outer loop
     vertex 9.6477207371e-02 4.0000000000e-01 2.8469096836e-02
     vertex 1.4013923911e-01 8.0000000000e-01 2.9963953911e-02
     vertex 9.6477207371e-02 8.0000000000e-01 2.8469096836e-02
   endloop
 endfacet
 facet normal  -3.4216953933e-02 0.0000000000e+00 9.9941442858e-01
   outer loop
     vertex 9.6477207371e-02 4.0000000000e-01 2.8469096836e-02
     vertex 1.4013923911e-01 4.0000000000e-01 2.9963953911e-02
     vertex 1.4013923911e-01 8.0000000000e-01 2.9963953911e-02
   endloop
 endfacet
 facet normal  1.2805392029e-02 0.0000000000e+00 9.9991800761e-01
   outer loop
     vertex 1.4013923911e-01 4.0000000000e-01 2.9963953911e-02
     vertex 1.9119794622e-01 8.0000000000e-01 2.9310073536e-02
     vertex 1.4013923911e-01 8.0000000000e-01 2.9963953911e-02
   endloop
 endfacet
 facet normal  1.2805392029e-02 8.6729062092e-18 9.9991800761e-01
   outer loop
     vertex 1.4013923911e-01 4.0000000000e-01 2.9963953911e-02
     vertex 1.9119794622e-01 4.0000000000e-01 2.9310073536e-02
     vertex 1.9119794622e-01 8.0000000000e-01 2.9310073536e-02
   endloop
 endfacet
 facet normal  4.8455648455e-02 8.5661785763e-18 9.9882533515e-01
   outer loop
     vertex 1.9119794622e-01 4.0000000000e-01 2.9310073536e-02
     vertex 2.4650630310e-01 8.0000000000e-01 2.6626919432e-02
     vertex 1.9119794622e-01 8.0000000000e-01 2.9310073536e-02
   endloop
 endfacet
 facet normal  4.8455648455e-02 -0.0000000000e+00 9.9882533515e-01
   outer loop
     vertex 1.9119794622e-01 4.0000000000e-01 2.9310073536e-02
     vertex 2.4650630310e-01 4.0000000000e-01 2.6626919432e-02
     vertex 2.4650630310e-01 8.0000000000e-01 2.6626919432e-02
   endloop
 endfacet
 facet normal  7.4399363779e-02 0.0000000000e+00 9.9722852680e-01
   outer loop
     vertex 2.4650630310e-01 4.0000000000e-01 2.6626919432e-02
     vertex 3.0172720262e-01 4.0000000000e-01 2.2507101676e-02
     vertex 2.4650630310e-01 8.0000000000e-01 2.6626919432e-02
   endloop
 endfacet
 facet normal  7.4399363779e-02 -0.0000000000e+00 9.9722852680e-01
   outer loop
     vertex 2.4650630310e-01 8.0000000000e-01 2.6626919432e-02
     vertex 3.0172720262e-01 4.0000000000e-01 2.2507101676e-02
     vertex 3.0172720262e-01 8.0000000000e-01 2.2507101676e-02
   endloop
 endfacet
 facet normal  9.2885301566e-02 0.0000000000e+00 9.9567681541e-01
   outer loop
     vertex 3.0172720262e-01 4.0000000000e-01 2.2507101676e-02
     vertex 3.5257223469e-01 4.0000000000e-01 1.7763839542e-02
     vertex 3.0172720262e-01 8.0000000000e-01 2.2507101676e-02
   endloop
 endfacet
 facet normal  9.2885301566e-02 -0.0000000000e+00 9.9567681541e-01
   outer loop
     vertex 3.0172720262e-01 8.0000000000e-01 2.2507101676e-02
     vertex 3.5257223469e-01 4.0000000000e-01 1.7763839542e-02
     vertex 3.5257223469e-01 8.0000000000e-01 1.7763839542e-02
   endloop
 endfacet
 facet normal  1.0627101432e-01 0.0000000000e+00 9.9433720212e-01
   outer loop
     vertex 3.5257223469e-01 4.0000000000e-01 1.7763839542e-02
     vertex 3.9601714205e-01 4.0000000000e-01 1.3120611508e-02
     vertex 3.5257223469e-01 8.0000000000e-01 1.7763839542e-02
   endloop
 endfacet
 facet normal  1.0627101432e-01 -0.0000000000e+00 9.9433720212e-01
   outer loop
     vertex 3.5257223469e-01 8.0000000000e-01 1.7763839542e-02
     vertex 3.9601714205e-01 4.0000000000e-01 1.3120611508e-02
     vertex 3.9601714205e-01 8.0000000000e-01 1.3120611508e-02
   endloop
 endfacet
 facet normal  1.1633378193e-01 0.0000000000e+00 9.9321017473e-01
   outer loop
     vertex 3.9601714205e-01 4.0000000000e-01 1.3120611508e-02
     vertex 4.3082896133e-01 4.0000000000e-01 9.0431355647e-03
     vertex 3.9601714205e-01 8.0000000000e-01 1.3120611508e-02
   endloop
 endfacet
 facet normal  1.1633378193e-01 -0.0000000000e+00 9.9321017473e-01
   outer loop
     vertex 3.9601714205e-01 8.0000000000e-01 1.3120611508e-02
     vertex 4.3082896133e-01 4.0000000000e-01 9.0431355647e-03
     vertex 4.3082896133e-01 8.0000000000e-01 9.0431355647e-03
   endloop
 endfacet
 facet normal  1.2403339551e-01 0.0000000000e+00 9.9227804410e-01
   outer loop
     vertex 4.3082896133e-01 4.0000000000e-01 9.0431355647e-03
     vertex 4.5731408473e-01 4.0000000000e-01 5.7325314398e-03
     vertex 4.3082896133e-01 8.0000000000e-01 9.0431355647e-03
   endloop
 endfacet
 facet normal  1.2403339551e-01 1.7213091440e-17 9.9227804410e-01
   outer loop
     vertex 4.3082896133e-01 8.0000000000e-01 9.0431355647e-03
     vertex 4.5731408473e-01 4.0000000000e-01 5.7325314398e-03
     vertex 4.5731408473e-01 8.0000000000e-01 5.7325314398e-03
   endloop
 endfacet
 facet normal  1.2994999072e-01 1.7346968350e-17 9.9152054942e-01
   outer loop
     vertex 4.5731408473e-01 4.0000000000e-01 5.7325314398e-03
     vertex 4.7668001788e-01 4.0000000000e-01 3.1944067044e-03
     vertex 4.5731408473e-01 8.0000000000e-01 5.7325314398e-03
   endloop
 endfacet
 facet normal  1.2994999072e-01 -1.8034183968e-17 9.9152054942e-01
   outer loop
     vertex 4.5731408473e-01 8.0000000000e-01 5.7325314398e-03
     vertex 4.7668001788e-01 4.0000000000e-01 3.1944067044e-03
     vertex 4.7668001788e-01 8.0000000000e-01 3.1944067044e-03
   endloop
 endfacet
 facet normal  1.3439440070e-01 -1.8918844028e-17 9.9092792122e-01
   outer loop
     vertex 4.7668001788e-01 4.0000000000e-01 3.1944067044e-03
     vertex 4.9043339863e-01 4.0000000000e-01 1.3291071969e-03
     vertex 4.7668001788e-01 8.0000000000e-01 3.1944067044e-03
   endloop
 endfacet
 facet normal  1.3439440070e-01 -0.0000000000e+00 9.9092792122e-01
   outer loop
     vertex 4.7668001788e-01 8.0000000000e-01 3.1944067044e-03
     vertex 4.9043339863e-01 4.0000000000e-01 1.3291071969e-03
     vertex 4.9043339863e-01 8.0000000000e-01 1.3291071969e-03
   endloop
 endfacet
 facet normal  1.3761027770e-01 0.0000000000e+00 9.9048645194e-01
   outer loop
     vertex 4.9043339863e-01 4.0000000000e-01 1.3291071969e-03
     vertex 5.0000000000e-01 4.0000000000e-01 0.0000000000e+00
     vertex 4.9043339863e-01 8.0000000000e-01 1.3291071969e-03
   endloop
 endfacet
 facet normal  1.3761027770e-01 -0.0000000000e+00 9.9048645194e-01
   outer loop
     vertex 4.9043339863e-01 8.0000000000e-01 1.3291071969e-03
     vertex 5.0000000000e-01 4.0000000000e-01 0.0000000000e+00
     vertex 5.0000000000e-01 8.0000000000e-01 0.0000000000e+00
   endloop
 endfacet
 facet normal  1.3761027770e-01 0.0000000000e+00 -9.9048645194e-01
   outer loop
     vertex 5.0000000000e-01 8.0000000000e-01 0.0000000000e+00
     vertex 4.9043339863e-01 1.2000000000e+00 -1.3291071969e-03
     vertex 5.0000000000e-01 1.2000000000e+00 0.0000000000e+00
   endloop
 endfacet
 facet normal  1.3761027770e-01 0.0000000000e+00 -9.9048645194e-01
   outer loop
     vertex 5.0000000000e-01 8.0000000000e-01 0.0000000000e+00
     vertex 4.9043339863e-01 8.0000000000e-01 -1.3291071969e-03
     vertex 4.9043339863e-01 1.2000000000e+00 -1.3291071969e-03
   endloop
 endfacet
 facet normal  1.3439440070e-01 0.0000000000e+00 -9.9092792122e-01
   outer loop
     vertex 4.9043339863e-01 8.0000000000e-01 -1.3291071969e-03
     vertex 4.7668001788e-01 1.2000000000e+00 -3.1944067044e-03
     vertex 4.9043339863e-01 1.2000000000e+00 -1.3291071969e-03
   endloop
 endfacet
 facet normal  1.3439440070e-01 0.0000000000e+00 -9.9092792122e-01
   outer loop
     vertex 4.9043339863e-01 8.0000000000e-01 -1.3291071969e-03
     vertex 4.7668001788e-01 8.0000000000e-01 -3.1944067044e-03
     vertex 4.7668001788e-01 1.2000000000e+00 -3.1944067044e-03
   endloop
 endfacet
 facet normal  1.2994999072e-01 0.0000000000e+00 -9.9152054942e-01
   outer loop
     vertex 4.7668001788e-01 8.0000000000e-01 -3.1944067044e-03
     vertex 4.5731408473e-01 1.2000000000e+00 -5.7325314398e-03
     vertex 4.7668001788e-01 1.2000000000e+00 -3.1944067044e-03
   endloop
 endfacet
 facet normal  1.2994999072e-01 0.0000000000e+00 -9.9152054942e-01
   outer loop
     vertex 4.7668001788e-01 8.0000000000e-01 -3.1944067044e-03
     vertex 4.5731408473e-01 8.0000000000e-01 -5.7325314398e-03
     vertex 4.5731408473e-01 1.2000000000e+00 -5.7325314398e-03
   endloop
 endfacet
 facet normal  1.2403339551e-01 0.0000000000e+00 -9.9227804410e-01
   outer loop
     vertex 4.5731408473e-01 8.0000000000e-01 -5.7325314398e-03
     vertex 4.3082896133e-01 1.2000000000e+00 -9.0431355647e-03
     vertex 4.5731408473e-01 1.2000000000e+00 -5.7325314398e-03
   endloop
 endfacet
 facet normal  1.2403339551e-01 0.0000000000e+00 -9.9227804410e-01
   outer loop
     vertex 4.5731408473e-01 8.0000000000e-01 -5.7325314398e-03
     vertex 4.3082896133e-01 8.0000000000e-01 -9.0431355647e-03
     vertex 4.3082896133e-01 1.2000000000e+00 -9.0431355647e-03
   endloop
 endfacet
 facet normal  1.1633378193e-01 0.0000000000e+00 -9.9321017473e-01
   outer loop
     vertex 4.3082896133e-01 8.0000000000e-01 -9.0431355647e-03
     vertex 3.9601714205e-01 1.2000000000e+00 -1.3120611508e-02
     vertex 4.3082896133e-01 1.2000000000e+00 -9.0431355647e-03
   endloop
 endfacet
 facet normal  1.1633378193e-01 0.0000000000e+00 -9.9321017473e-01
   outer loop
     vertex 4.3082896133e-01 8.0000000000e-01 -9.0431355647e-03
     vertex 3.9601714205e-01 8.0000000000e-01 -1.3120611508e-02
     vertex 3.9601714205e-01 1.2000000000e+00 -1.3120611508e-02
   endloop
 endfacet
 facet normal  1.0627101432e-01 0.0000000000e+00 -9.9433720212e-01
   outer loop
     vertex 3.9601714205e-01 8.0000000000e-01 -1.3120611508e-02
     vertex 3.5257223469e-01 1.2000000000e+00 -1.7763839542e-02
     vertex 3.9601714205e-01 1.2000000000e+00 -1.3120611508e-02
   endloop
 endfacet
 facet normal  1.0627101432e-01 0.0000000000e+00 -9.9433720212e-01
   outer loop
     vertex 3.9601714205e-01 8.0000000000e-01 -1.3120611508e-02
     vertex 3.5257223469e-01 8.0000000000e-01 -1.7763839542e-02
     vertex 3.5257223469e-01 1.2000000000e+00 -1.7763839542e-02
   endloop
 endfacet
 facet normal  9.2885301566e-02 0.0000000000e+00 -9.9567681541e-01
   outer loop
     vertex 3.5257223469e-01 8.0000000000e-01 -1.7763839542e-02
     vertex 3.0172720262e-01 1.2000000000e+00 -2.2507101676e-02
     vertex 3.5257223469e-01 1.2000000000e+00 -1.7763839542e-02
   endloop
 endfacet
 facet normal  9.2885301566e-02 0.0000000000e+00 -9.9567681541e-01
   outer loop
     vertex 3.5257223469e-01 8.0000000000e-01 -1.7763839542e-02
     vertex 3.0172720262e-01 8.0000000000e-01 -2.2507101676e-02
     vertex 3.0172720262e-01 1.2000000000e+00 -2.2507101676e-02
   endloop
 endfacet
 facet normal  7.4399363779e-02 0.0000000000e+00 -9.9722852680e-01
   outer loop
     vertex 3.0172720262e-01 8.0000000000e-01 -2.2507101676e-02
     vertex 2.4650630310e-01 1.2000000000e+00 -2.6626919432e-02
     vertex 3.0172720262e-01 1.2000000000e+00 -2.2507101676e-02
   endloop
 endfacet
 facet normal  7.4399363779e-02 0.0000000000e+00 -9.9722852680e-01
   outer loop
     vertex 3.0172720262e-01 8.0000000000e-01 -2.2507101676e-02
     vertex 2.4650630310e-01 8.0000000000e-01 -2.6626919432e-02
     vertex 2.4650630310e-01 1.2000000000e+00 -2.6626919432e-02
   endloop
 endfacet
 facet normal  4.8455648455e-02 0.0000000000e+00 -9.9882533515e-01
   outer loop
     vertex 2.4650630310e-01 8.0000000000e-01 -2.6626919432e-02
     vertex 1.9119794622e-01 8.0000000000e-01 -2.9310073536e-02
     vertex 2.4650630310e-01 1.2000000000e+00 -2.6626919432e-02
   endloop
 endfacet
 facet normal  4.8455648455e-02 0.0000000000e+00 -9.9882533515e-01
   outer loop
     vertex 2.4650630310e-01 1.2000000000e+00 -2.6626919432e-02
     vertex 1.9119794622e-01 8.0000000000e-01 -2.9310073536e-02
     vertex 1.9119794622e-01 1.2000000000e+00 -2.9310073536e-02
   endloop
 endfacet
 facet normal  1.2805392029e-02 0.0000000000e+00 -9.9991800761e-01
   outer loop
     vertex 1.9119794622e-01 8.0000000000e-01 -2.9310073536e-02
     vertex 1.4013923911e-01 8.0000000000e-01 -2.9963953911e-02
     vertex 1.9119794622e-01 1.2000000000e+00 -2.9310073536e-02
   endloop
 endfacet
 facet normal  1.2805392029e-02 0.0000000000e+00 -9.9991800761e-01
   outer loop
     vertex 1.9119794622e-01 1.2000000000e+00 -2.9310073536e-02
     vertex 1.4013923911e-01 8.0000000000e-01 -2.9963953911e-02
     vertex 1.4013923911e-01 1.2000000000e+00 -2.9963953911e-02
   endloop
 endfacet
 facet normal  -3.4216953933e-02 0.0000000000e+00 -9.9941442858e-01
   outer loop
     vertex 1.4013923911e-01 8.0000000000e-01 -2.9963953911e-02
     vertex 9.6477207371e-02 8.0000000000e-01 -2.8469096836e-02
     vertex 1.4013923911e-01 1.2000000000e+00 -2.9963953911e-02
   endloop
 endfacet
 facet normal  -3.4216953933e-02 0.0000000000e+00 -9.9941442858e-01
   outer loop
     vertex 1.4013923911e-01 1.2000000000e+00 -2.9963953911e-02
     vertex 9.6477207371e-02 8.0000000000e-01 -2.8469096836e-02
     vertex 9.6477207371e-02 1.2000000000e+00 -2.8469096836e-02
   endloop
 endfacet
 facet normal  -9.4624214898e-02 0.0000000000e+00 -9.9551306267e-01
   outer loop
     vertex 9.6477207371e-02 8.0000000000e-01 -2.8469096836e-02
     vertex 6.1591102994e-02 8.0000000000e-01 -2.5153148145e-02
     vertex 9.6477207371e-02 1.2000000000e+00 -2.8469096836e-02
   endloop
 endfacet
 facet normal  -9.4624214898e-02 0.0000000000e+00 -9.9551306267e-01
   outer loop
     vertex 9.6477207371e-02 1.2000000000e+00 -2.8469096836e-02
     vertex 6.1591102994e-02 8.0000000000e-01 -2.5153148145e-02
     vertex 6.1591102994e-02 1.2000000000e+00 -2.5153148145e-02
   endloop
 endfacet
 facet normal  -1.7390258613e-01 0.0000000000e+00 -9.8476286005e-01
   outer loop
     vertex 6.1591102994e-02 8.0000000000e-01 -2.5153148145e-02
     vertex 3.5315844343e-02 8.0000000000e-01 -2.0513111832e-02
     vertex 6.1591102994e-02 1.2000000000e+00 -2.5153148145e-02
   endloop
 endfacet
 facet normal  -1.7390258613e-01 0.0000000000e+00 -9.8476286005e-01
   outer loop
     vertex 6.1591102994e-02 1.2000000000e+00 -2.5153148145e-02
     vertex 3.5315844343e-02 8.0000000000e-01 -2.0513111832e-02
     vertex 3.5315844343e-02 1.2000000000e+00 -2.0513111832e-02
   endloop
 endfacet
 facet normal  -2.8796319051e-01 0.0000000000e+00 -9.5764147828e-01
   outer loop
     vertex 3.5315844343e-02 8.0000000000e-01 -2.0513111832e-02
     vertex 1.6628583540e-02 8.0000000000e-01 -1.4893844742e-02
     vertex 3.5315844343e-02 1.2000000000e+00 -2.0513111832e-02
   endloop
 endfacet
 facet normal  -2.8796319051e-01 0.0000000000e+00 -9.5764147828e-01
   outer loop
     vertex 3.5315844343e-02 1.2000000000e+00 -2.0513111832e-02
     vertex 1.6628583540e-02 8.0000000000e-01 -1.4893844742e-02
     vertex 1.6628583540e-02 1.2000000000e+00 -1.4893844742e-02
   endloop
 endfacet
 facet normal  -4.8644732468e-01 0.0000000000e+00 -8.7370990627e-01
   outer loop
     vertex 1.6628583540e-02 8.0000000000e-01 -1.4893844742e-02
     vertex 4.5527334264e-03 8.0000000000e-01 -8.1704861777e-03
     vertex 1.6628583540e-02 1.2000000000e+00 -1.4893844742e-02
   endloop
 endfacet
 facet normal  -4.8644732468e-01 0.0000000000e+00 -8.7370990627e-01
   outer loop
     vertex 1.6628583540e-02 1.2000000000e+00 -1.4893844742e-02
     vertex 4.5527334264e-03 8.0000000000e-01 -8.1704861777e-03
     vertex 4.5527334264e-03 1.2000000000e+00 -8.1704861777e-03
   endloop
 endfacet
 facet normal  -8.7354045498e-01 0.0000000000e+00 -4.8675155214e-01
   outer loop
     vertex 4.5527334264e-03 8.0000000000e-01 -8.1704861777e-03
     vertex 0.0000000000e+00 8.0000000000e-01 0.0000000000e+00
     vertex 4.5527334264e-03 1.2000000000e+00 -8.1704861777e-03
   endloop
 endfacet
 facet normal  -8.7354045498e-01 0.0000000000e+00 -4.8675155214e-01
   outer loop
     vertex 4.5527334264e-03 1.2000000000e+00 -8.1704861777e-03
     vertex 0.0000000000e+00 8.0000000000e-01 0.0000000000e+00
     vertex 0.0000000000e+00 1.2000000000e+00 0.0000000000e+00
   endloop
 endfacet
 facet normal  -8.7354045498e-01 0.0000000000e+00 4.8675155214e-01
   outer loop
     vertex 0.0000000000e+00 8.0000000000e-01 0.0000000000e+00
     vertex 4.5527334264e-03 1.2000000000e+00 8.1704861777e-03
     vertex 0.0000000000e+00 1.2000000000e+00 0.0000000000e+00
   endloop
 endfacet
 facet normal  -8.7354045498e-01 0.0000000000e+00 4.8675155214e-01
   outer loop
     vertex 0.0000000000e+00 8.0000000000e-01 0.0000000000e+00
     vertex 4.5527334264e-03 8.0000000000e-01 8.1704861777e-03
     vertex 4.5527334264e-03 1.2000000000e+00 8.1704861777e-03
   endloop
 endfacet
 facet normal  -4.8644732468e-01 0.0000000000e+00 8.7370990627e-01
   outer loop
     vertex 4.5527334264e-03 8.0000000000e-01 8.1704861777e-03
     vertex 1.6628583540e-02 1.2000000000e+00 1.4893844742e-02
     vertex 4.5527334264e-03 1.2000000000e+00 8.1704861777e-03
   endloop
 endfacet
 facet normal  -4.8644732468e-01 0.0000000000e+00 8.7370990627e-01
   outer loop
     vertex 4.5527334264e-03 8.0000000000e-01 8.1704861777e-03
     vertex 1.6628583540e-02 8.0000000000e-01 1.4893844742e-02
     vertex 1.6628583540e-02 1.2000000000e+00 1.4893844742e-02
   endloop
 endfacet
 facet normal  -2.8796319051e-01 0.0000000000e+00 9.5764147828e-01
   outer loop
     vertex 1.6628583540e-02 8.0000000000e-01 1.4893844742e-02
     vertex 3.5315844343e-02 1.2000000000e+00 2.0513111832e-02
     vertex 1.6628583540e-02 1.2000000000e+00 1.4893844742e-02
   endloop
 endfacet
 facet normal  -2.8796319051e-01 0.0000000000e+00 9.5764147828e-01
   outer loop
     vertex 1.6628583540e-02 8.0000000000e-01 1.4893844742e-02
     vertex 3.5315844343e-02 8.0000000000e-01 2.0513111832e-02
     vertex 3.5315844343e-02 1.2000000000e+00 2.0513111832e-02
   endloop
 endfacet
 facet normal  -1.7390258613e-01 0.0000000000e+00 9.8476286005e-01
   outer loop
     vertex 3.5315844343e-02 8.0000000000e-01 2.0513111832e-02
     vertex 6.1591102994e-02 1.2000000000e+00 2.5153148145e-02
     vertex 3.5315844343e-02 1.2000000000e+00 2.0513111832e-02
   endloop
 endfacet
 facet normal  -1.7390258613e-01 0.0000000000e+00 9.8476286005e-01
   outer loop
     vertex 3.5315844343e-02 8.0000000000e-01 2.0513111832e-02
     vertex 6.1591102994e-02 8.0000000000e-01 2.5153148145e-02
     vertex 6.1591102994e-02 1.2000000000e+00 2.5153148145e-02
   endloop
 endfacet
 facet normal  -9.4624214898e-02 0.0000000000e+00 9.9551306267e-01
   outer loop
     vertex 6.1591102994e-02 8.0000000000e-01 2.5153148145e-02
     vertex 9.6477207371e-02 1.2000000000e+00 2.8469096836e-02
     vertex 6.1591102994e-02 1.2000000000e+00 2.5153148145e-02
   endloop
 endfacet
 facet normal  -9.4624214898e-02 0.0000000000e+00 9.9551306267e-01
   outer loop
     vertex 6.1591102994e-02 8.0000000000e-01 2.5153148145e-02
     vertex 9.6477207371e-02 8.0000000000e-01 2.8469096836e-02
     vertex 9.6477207371e-02 1.2000000000e+00 2.8469096836e-02
   endloop
 endfacet
 facet normal  -3.4216953933e-02 0.0000000000e+00 9.9941442858e-01
   outer loop
     vertex 9.6477207371e-02 8.0000000000e-01 2.8469096836e-02
     vertex 1.4013923911e-01 1.2000000000e+00 2.9963953911e-02
     vertex 9.6477207371e-02 1.2000000000e+00 2.8469096836e-02
   endloop
 endfacet
 facet normal  -3.4216953933e-02 0.0000000000e+00 9.9941442858e-01
   outer loop
     vertex 9.6477207371e-02 8.0000000000e-01 2.8469096836e-02
     vertex 1.4013923911e-01 8.0000000000e-01 2.9963953911e-02
     vertex 1.4013923911e-01 1.2000000000e+00 2.9963953911e-02
   endloop
 endfacet
 facet normal  1.2805392029e-02 0.0000000000e+00 9.9991800761e-01
   outer loop
     vertex 1.4013923911e-01 8.0000000000e-01 2.9963953911e-02
     vertex 1.9119794622e-01 1.2000000000e+00 2.9310073536e-02
     vertex 1.4013923911e-01 1.2000000000e+00 2.9963953911e-02
   endloop
 endfacet
 facet normal  1.2805392029e-02 -0.0000000000e+00 9.9991800761e-01
   outer loop
     vertex 1.4013923911e-01 8.0000000000e-01 2.9963953911e-02
     vertex 1.9119794622e-01 8.0000000000e-01 2.9310073536e-02
     vertex 1.9119794622e-01 1.2000000000e+00 2.9310073536e-02
   endloop
 endfacet
 facet normal  4.8455648455e-02 0.0000000000e+00 9.9882533515e-01
   outer loop
     vertex 1.9119794622e-01 8.0000000000e-01 2.9310073536e-02
     vertex 2.4650630310e-01 1.2000000000e+00 2.6626919432e-02
     vertex 1.9119794622e-01 1.2000000000e+00 2.9310073536e-02
   endloop
 endfacet
 facet normal  4.8455648455e-02 -0.0000000000e+00 9.9882533515e-01
   outer loop
     vertex 1.9119794622e-01 8.0000000000e-01 2.9310073536e-02
     vertex 2.4650630310e-01 8.0000000000e-01 2.6626919432e-02
     vertex 2.4650630310e-01 1.2000000000e+00 2.6626919432e-02
   endloop
 endfacet
 facet normal  7.4399363779e-02 0.0000000000e+00 9.9722852680e-01
   outer loop
     vertex 2.4650630310e-01 8.0000000000e-01 2.6626919432e-02
     vertex 3.0172720262e-01 8.0000000000e-01 2.2507101676e-02
     vertex 2.4650630310e-01 1.2000000000e+00 2.6626919432e-02
   endloop
 endfacet
 facet normal  7.4399363779e-02 -0.0000000000e+00 9.9722852680e-01
   outer loop
     vertex 2.4650630310e-01 1.2000000000e+00 2.6626919432e-02
     vertex 3.0172720262e-01 8.0000000000e-01 2.2507101676e-02
     vertex 3.0172720262e-01 1.2000000000e+00 2.2507101676e-02
   endloop
 endfacet
 facet normal  9.2885301566e-02 0.0000000000e+00 9.9567681541e-01
   outer loop
     vertex 3.0172720262e-01 8.0000000000e-01 2.2507101676e-02
     vertex 3.5257223469e-01 8.0000000000e-01 1.7763839542e-02
     vertex 3.0172720262e-01 1.2000000000e+00 2.2507101676e-02
   endloop
 endfacet
 facet normal  9.2885301566e-02 -0.0000000000e+00 9.9567681541e-01
   outer loop
     vertex 3.0172720262e-01 1.2000000000e+00 2.2507101676e-02
     vertex 3.5257223469e-01 8.0000000000e-01 1.7763839542e-02
     vertex 3.5257223469e-01 1.2000000000e+00 1.7763839542e-02
   endloop
 endfacet
 facet normal  1.0627101432e-01 0.0000000000e+00 9.9433720212e-01
   outer loop
     vertex 3.5257223469e-01 8.0000000000e-01 1.7763839542e-02
     vertex 3.9601714205e-01 8.0000000000e-01 1.3120611508e-02
     vertex 3.5257223469e-01 1.2000000000e+00 1.7763839542e-02
   endloop
 endfacet
 facet normal  1.0627101432e-01 -0.0000000000e+00 9.9433720212e-01
   outer loop
     vertex 3.5257223469e-01 1.2000000000e+00 1.7763839542e-02
     vertex 3.9601714205e-01 8.0000000000e-01 1.3120611508e-02
     vertex 3.9601714205e-01 1.2000000000e+00 1.3120611508e-02
   endloop
 endfacet
 facet normal  1.1633378193e-01 0.0000000000e+00 9.9321017473e-01
   outer loop
     vertex 3.9601714205e-01 8.0000000000e-01 1.3120611508e-02
     vertex 4.3082896133e-01 8.0000000000e-01 9.0431355647e-03
     vertex 3.9601714205e-01 1.2000000000e+00 1.3120611508e-02
   endloop
 endfacet
 facet normal  1.1633378193e-01 -0.0000000000e+00 9.9321017473e-01
   outer loop
     vertex 3.9601714205e-01 1.2000000000e+00 1.3120611508e-02
     vertex 4.3082896133e-01 8.0000000000e-01 9.0431355647e-03
     vertex 4.3082896133e-01 1.2000000000e+00 9.0431355647e-03
   endloop
 endfacet
 facet normal  1.2403339551e-01 0.0000000000e+00 9.9227804410e-01
   outer loop
     vertex 4.3082896133e-01 8.0000000000e-01 9.0431355647e-03
     vertex 4.5731408473e-01 8.0000000000e-01 5.7325314398e-03
     vertex 4.3082896133e-01 1.2000000000e+00 9.0431355647e-03
   endloop
 endfacet
 facet normal  1.2403339551e-01 -0.0000000000e+00 9.9227804410e-01
   outer loop
     vertex 4.3082896133e-01 1.2000000000e+00 9.0431355647e-03
     vertex 4.5731408473e-01 8.0000000000e-01 5.7325314398e-03
     vertex 4.5731408473e-01 1.2000000000e+00 5.7325314398e-03
   endloop
 endfacet
 facet normal  1.2994999072e-01 0.0000000000e+00 9.9152054942e-01
   outer loop
     vertex 4.5731408473e-01 8.0000000000e-01 5.7325314398e-03
     vertex 4.7668001788e-01 8.0000000000e-01 3.1944067044e-03
     vertex 4.5731408473e-01 1.2000000000e+00 5.7325314398e-03
   endloop
 endfacet
 facet normal  1.2994999072e-01 -0.0000000000e+00 9.9152054942e-01
   outer loop
     vertex 4.5731408473e-01 1.2000000000e+00 5.7325314398e-03
     vertex 4.7668001788e-01 8.0000000000e-01 3.1944067044e-03
     vertex 4.7668001788e-01 1.2000000000e+00 3.1944067044e-03
   endloop
 endfacet
 facet normal  1.3439440070e-01 0.0000000000e+00 9.9092792122e-01
   outer loop
     vertex 4.7668001788e-01 8.0000000000e-01 3.1944067044e-03
     vertex 4.9043339863e-01 8.0000000000e-01 1.3291071969e-03
     vertex 4.7668001788e-01 1.2000000000e+00 3.1944067044e-03
   endloop
 endfacet
 facet normal  1.3439440070e-01 -0.0000000000e+00 9.9092792122e-01
   outer loop
     vertex 4.7668001788e-01 1.2000000000e+00 3.1944067044e-03
     vertex 4.9043339863e-01 8.0000000000e-01 1.3291071969e-03
     vertex 4.9043339863e-01 1.2000000000e+00 1.3291071969e-03
   endloop
 endfacet
 facet normal  1.3761027770e-01 0.0000000000e+00 9.9048645194e-01
   outer loop
     vertex 4.9043339863e-01 8.0000000000e-01 1.3291071969e-03
     vertex 5.0000000000e-01 8.0000000000e-01 0.0000000000e+00
     vertex 4.9043339863e-01 1.2000000000e+00 1.3291071969e-03
   endloop
 endfacet
 facet normal  1.3761027770e-01 -0.0000000000e+00 9.9048645194e-01
   outer loop
     vertex 4.9043339863e-01 1.2000000000e+00 1.3291071969e-03
     vertex 5.0000000000e-01 8.0000000000e-01 0.0000000000e+00
     vertex 5.0000000000e-01 1.2000000000e+00 0.0000000000e+00
   endloop
 endfacet
 facet normal  1.3761027770e-01 0.0000000000e+00 -9.9048645194e-01
   outer loop
     vertex 5.0000000000e-01 1.2000000000e+00 0.0000000000e+00
     vertex 4.9043339863e-01 1.6000000000e+00 -1.3291071969e-03
     vertex 5.0000000000e-01 1.6000000000e+00 0.0000000000e+00
   endloop
 endfacet
 facet normal  1.3761027770e-01 1.9097262340e-17 -9.9048645194e-01
   outer loop
     vertex 5.0000000000e-01 1.2000000000e+00 0.0000000000e+00
     vertex 4.9043339863e-01 1.2000000000e+00 -1.3291071969e-03
     vertex 4.9043339863e-01 1.6000000000e+00 -1.3291071969e-03
   endloop
 endfacet
 facet normal  1.3439440070e-01 1.8918844028e-17 -9.9092792122e-01
   outer loop
     vertex 4.9043339863e-01 1.2000000000e+00 -1.3291071969e-03
     vertex 4.7668001788e-01 1.6000000000e+00 -3.1944067044e-03
     vertex 4.9043339863e-01 1.6000000000e+00 -1.3291071969e-03
   endloop
 endfacet
 facet normal  1.3439440070e-01 0.0000000000e+00 -9.9092792122e-01
   outer loop
     vertex 4.9043339863e-01 1.2000000000e+00 -1.3291071969e-03
     vertex 4.7668001788e-01 1.2000000000e+00 -3.1944067044e-03
     vertex 4.7668001788e-01 1.6000000000e+00 -3.1944067044e-03
   endloop
 endfacet
 facet normal  1.2994999072e-01 0.0000000000e+00 -9.9152054942e-01
   outer loop
     vertex 4.7668001788e-01 1.2000000000e+00 -3.1944067044e-03
     vertex 4.5731408473e-01 1.6000000000e+00 -5.7325314398e-03
     vertex 4.7668001788e-01 1.6000000000e+00 -3.1944067044e-03
   endloop
 endfacet
 facet normal  1.2994999072e-01 1.8034183968e-17 -9.9152054942e-01
   outer loop
     vertex 4.7668001788e-01 1.2000000000e+00 -3.1944067044e-03
     vertex 4.5731408473e-01 1.2000000000e+00 -5.7325314398e-03
     vertex 4.5731408473e-01 1.6000000000e+00 -5.7325314398e-03
   endloop
 endfacet
 facet normal  1.2403339551e-01 1.7771321007e-17 -9.9227804410e-01
   outer loop
     vertex 4.5731408473e-01 1.2000000000e+00 -5.7325314398e-03
     vertex 4.3082896133e-01 1.6000000000e+00 -9.0431355647e-03
     vertex 4.5731408473e-01 1.6000000000e+00 -5.7325314398e-03
   endloop
 endfacet
 facet normal  1.2403339551e-01 -1.7213091440e-17 -9.9227804410e-01
   outer loop
     vertex 4.5731408473e-01 1.2000000000e+00 -5.7325314398e-03
     vertex 4.3082896133e-01 1.2000000000e+00 -9.0431355647e-03
     vertex 4.3082896133e-01 1.6000000000e+00 -9.0431355647e-03
   endloop
 endfacet
 facet normal  1.1633378193e-01 -1.7399919519e-17 -9.9321017473e-01
   outer loop
     vertex 4.3082896133e-01 1.2000000000e+00 -9.0431355647e-03
     vertex 3.9601714205e-01 1.6000000000e+00 -1.3120611508e-02
     vertex 4.3082896133e-01 1.6000000000e+00 -9.0431355647e-03
   endloop
 endfacet
 facet normal  1.1633378193e-01 0.0000000000e+00 -9.9321017473e-01
   outer loop
     vertex 4.3082896133e-01 1.2000000000e+00 -9.0431355647e-03
     vertex 3.9601714205e-01 1.2000000000e+00 -1.3120611508e-02
     vertex 3.9601714205e-01 1.6000000000e+00 -1.3120611508e-02
   endloop
 endfacet
 facet normal  1.0627101432e-01 0.0000000000e+00 -9.9433720212e-01
   outer loop
     vertex 3.9601714205e-01 1.2000000000e+00 -1.3120611508e-02
     vertex 3.5257223469e-01 1.6000000000e+00 -1.7763839542e-02
     vertex 3.9601714205e-01 1.6000000000e+00 -1.3120611508e-02
   endloop
 endfacet
 facet normal  1.0627101432e-01 0.0000000000e+00 -9.9433720212e-01
   outer loop
     vertex 3.9601714205e-01 1.2000000000e+00 -1.3120611508e-02
     vertex 3.5257223469e-01 1.2000000000e+00 -1.7763839542e-02
     vertex 3.5257223469e-01 1.6000000000e+00 -1.7763839542e-02
   endloop
 endfacet
 facet normal  9.2885301566e-02 0.0000000000e+00 -9.9567681541e-01
   outer loop
     vertex 3.5257223469e-01 1.2000000000e+00 -1.7763839542e-02
     vertex 3.0172720262e-01 1.6000000000e+00 -2.2507101676e-02
     vertex 3.5257223469e-01 1.6000000000e+00 -1.7763839542e-02
   endloop
 endfacet
 facet normal  9.2885301566e-02 0.0000000000e+00 -9.9567681541e-01
   outer loop
     vertex 3.5257223469e-01 1.2000000000e+00 -1.7763839542e-02
     vertex 3.0172720262e-01 1.2000000000e+00 -2.2507101676e-02
     vertex 3.0172720262e-01 1.6000000000e+00 -2.2507101676e-02
   endloop
 endfacet
 facet normal  7.4399363779e-02 0.0000000000e+00 -9.9722852680e-01
   outer loop
     vertex 3.0172720262e-01 1.2000000000e+00 -2.2507101676e-02
     vertex 2.4650630310e-01 1.6000000000e+00 -2.6626919432e-02
     vertex 3.0172720262e-01 1.6000000000e+00 -2.2507101676e-02
   endloop
 endfacet
 facet normal  7.4399363779e-02 -5.1624929178e-18 -9.9722852680e-01
   outer loop
     vertex 3.0172720262e-01 1.2000000000e+00 -2.2507101676e-02
     vertex 2.4650630310e-01 1.2000000000e+00 -2.6626919432e-02
     vertex 2.4650630310e-01 1.6000000000e+00 -2.6626919432e-02
   endloop
 endfacet
 facet normal  4.8455648455e-02 -2.4474795932e-18 -9.9882533515e-01
   outer loop
     vertex 2.4650630310e-01 1.2000000000e+00 -2.6626919432e-02
     vertex 1.9119794622e-01 1.2000000000e+00 -2.9310073536e-02
     vertex 2.4650630310e-01 1.6000000000e+00 -2.6626919432e-02
   endloop
 endfacet
 facet normal  4.8455648455e-02 8.6634287864e-18 -9.9882533515e-01
   outer loop
     vertex 2.4650630310e-01 1.6000000000e+00 -2.6626919432e-02
     vertex 1.9119794622e-01 1.2000000000e+00 -2.9310073536e-02
     vertex 1.9119794622e-01 1.6000000000e+00 -2.9310073536e-02
   endloop
 endfacet
 facet normal  1.2805392029e-02 8.9575375921e-18 -9.9991800761e-01
   outer loop
     vertex 1.9119794622e-01 1.2000000000e+00 -2.9310073536e-02
     vertex 1.4013923911e-01 1.2000000000e+00 -2.9963953911e-02
     vertex 1.9119794622e-01 1.6000000000e+00 -2.9310073536e-02
   endloop
 endfacet
 facet normal  1.2805392029e-02 0.0000000000e+00 -9.9991800761e-01
   outer loop
     vertex 1.9119794622e-01 1.6000000000e+00 -2.9310073536e-02
     vertex 1.4013923911e-01 1.2000000000e+00 -2.9963953911e-02
     vertex 1.4013923911e-01 1.6000000000e+00 -2.9963953911e-02
   endloop
 endfacet
 facet normal  -3.4216953933e-02 0.0000000000e+00 -9.9941442858e-01
   outer loop
     vertex 1.4013923911e-01 1.2000000000e+00 -2.9963953911e-02
     vertex 9.6477207371e-02 1.2000000000e+00 -2.8469096836e-02
     vertex 1.4013923911e-01 1.6000000000e+00 -2.9963953911e-02
   endloop
 endfacet
 facet normal  -3.4216953933e-02 0.0000000000e+00 -9.9941442858e-01
   outer loop
     vertex 1.4013923911e-01 1.6000000000e+00 -2.9963953911e-02
     vertex 9.6477207371e-02 1.2000000000e+00 -2.8469096836e-02
     vertex 9.6477207371e-02 1.6000000000e+00 -2.8469096836e-02
   endloop
 endfacet
 facet normal  -9.4624214898e-02 0.0000000000e+00 -9.9551306267e-01
   outer loop
     vertex 9.6477207371e-02 1.2000000000e+00 -2.8469096836e-02
     vertex 6.1591102994e-02 1.2000000000e+00 -2.5153148145e-02
     vertex 9.6477207371e-02 1.6000000000e+00 -2.8469096836e-02
   endloop
 endfacet
 facet normal  -9.4624214898e-02 0.0000000000e+00 -9.9551306267e-01
   outer loop
     vertex 9.6477207371e-02 1.6000000000e+00 -2.8469096836e-02
     vertex 6.1591102994e-02 1.2000000000e+00 -2.5153148145e-02
     vertex 6.1591102994e-02 1.6000000000e+00 -2.5153148145e-02
   endloop
 endfacet
 facet normal  -1.7390258613e-01 0.0000000000e+00 -9.8476286005e-01
   outer loop
     vertex 6.1591102994e-02 1.2000000000e+00 -2.5153148145e-02
     vertex 3.5315844343e-02 1.2000000000e+00 -2.0513111832e-02
     vertex 6.1591102994e-02 1.6000000000e+00 -2.5153148145e-02
   endloop
 endfacet
 facet normal  -1.7390258613e-01 0.0000000000e+00 -9.8476286005e-01
   outer loop
     vertex 6.1591102994e-02 1.6000000000e+00 -2.5153148145e-02
     vertex 3.5315844343e-02 1.2000000000e+00 -2.0513111832e-02
     vertex 3.5315844343e-02 1.6000000000e+00 -2.0513111832e-02
   endloop
 endfacet
 facet normal  -2.8796319051e-01 0.0000000000e+00 -9.5764147828e-01
   outer loop
     vertex 3.5315844343e-02 1.2000000000e+00 -2.0513111832e-02
     vertex 1.6628583540e-02 1.2000000000e+00 -1.4893844742e-02
     vertex 3.5315844343e-02 1.6000000000e+00 -2.0513111832e-02
   endloop
 endfacet
 facet normal  -2.8796319051e-01 0.0000000000e+00 -9.5764147828e-01
   outer loop
     vertex 3.5315844343e-02 1.6000000000e+00 -2.0513111832e-02
     vertex 1.6628583540e-02 1.2000000000e+00 -1.4893844742e-02
     vertex 1.6628583540e-02 1.6000000000e+00 -1.4893844742e-02
   endloop
 endfacet
 facet normal  -4.8644732468e-01 0.0000000000e+00 -8.7370990627e-01
   outer loop
     vertex 1.6628583540e-02 1.2000000000e+00 -1.4893844742e-02
     vertex 4.5527334264e-03 1.2000000000e+00 -8.1704861777e-03
     vertex 1.6628583540e-02 1.6000000000e+00 -1.4893844742e-02
   endloop
 endfacet
 facet normal  -4.8644732468e-01 0.0000000000e+00 -8.7370990627e-01
   outer loop
     vertex 1.6628583540e-02 1.6000000000e+00 -1.4893844742e-02
     vertex 4.5527334264e-03 1.2000000000e+00 -8.1704861777e-03
     vertex 4.5527334264e-03 1.6000000000e+00 -8.1704861777e-03
   endloop
 endfacet
 facet normal  -8.7354045498e-01 0.0000000000e+00 -4.8675155214e-01
   outer loop
     vertex 4.5527334264e-03 1.2000000000e+00 -8.1704861777e-03
     vertex 0.0000000000e+00 1.2000000000e+00 0.0000000000e+00
     vertex 4.5527334264e-03 1.6000000000e+00 -8.1704861777e-03
   endloop
 endfacet
 facet normal  -8.7354045498e-01 0.0000000000e+00 -4.8675155214e-01
   outer loop
     vertex 4.5527334264e-03 1.6000000000e+00 -8.1704861777e-03
     vertex 0.0000000000e+00 1.2000000000e+00 0.0000000000e+00
     vertex 0.0000000000e+00 1.6000000000e+00 0.0000000000e+00
   endloop
 endfacet
 facet normal  -8.7354045498e-01 0.0000000000e+00 4.8675155214e-01
   outer loop
     vertex 0.0000000000e+00 1.2000000000e+00 0.0000000000e+00
     vertex 4.5527334264e-03 1.6000000000e+00 8.1704861777e-03
     vertex 0.0000000000e+00 1.6000000000e+00 0.0000000000e+00
   endloop
 endfacet
 facet normal  -8.7354045498e-01 0.0000000000e+00 4.8675155214e-01
   outer loop
     vertex 0.0000000000e+00 1.2000000000e+00 0.0000000000e+00
     vertex 4.5527334264e-03 1.2000000000e+00 8.1704861777e-03
     vertex 4.5527334264e-03 1.6000000000e+00 8.1704861777e-03
   endloop
 endfacet
 facet normal  -4.8644732468e-01 0.0000000000e+00 8.7370990627e-01
   outer loop
     vertex 4.5527334264e-03 1.2000000000e+00 8.1704861777e-03
     vertex 1.6628583540e-02 1.6000000000e+00 1.4893844742e-02
     vertex 4.5527334264e-03 1.6000000000e+00 8.1704861777e-03
   endloop
 endfacet
 facet normal  -4.8644732468e-01 3.7891127140e-18 8.7370990627e-01
   outer loop
     vertex 4.5527334264e-03 1.2000000000e+00 8.1704861777e-03
     vertex 1.6628583540e-02 1.2000000000e+00 1.4893844742e-02
     vertex 1.6628583540e-02 1.6000000000e+00 1.4893844742e-02
   endloop
 endfacet
 facet normal  -2.8796319051e-01 3.4725426793e-18 9.5764147828e-01
   outer loop
     vertex 1.6628583540e-02 1.2000000000e+00 1.4893844742e-02
     vertex 3.5315844343e-02 1.6000000000e+00 2.0513111832e-02
     vertex 1.6628583540e-02 1.6000000000e+00 1.4893844742e-02
   endloop
 endfacet
 facet normal  -2.8796319051e-01 0.0000000000e+00 9.5764147828e-01
   outer loop
     vertex 1.6628583540e-02 1.2000000000e+00 1.4893844742e-02
     vertex 3.5315844343e-02 1.2000000000e+00 2.0513111832e-02
     vertex 3.5315844343e-02 1.6000000000e+00 2.0513111832e-02
   endloop
 endfacet
 facet normal  -1.7390258613e-01 0.0000000000e+00 9.8476286005e-01
   outer loop
     vertex 3.5315844343e-02 1.2000000000e+00 2.0513111832e-02
     vertex 6.1591102994e-02 1.6000000000e+00 2.5153148145e-02
     vertex 3.5315844343e-02 1.6000000000e+00 2.0513111832e-02
   endloop
 endfacet
 facet normal  -1.7390258613e-01 0.0000000000e+00 9.8476286005e-01
   outer loop
     vertex 3.5315844343e-02 1.2000000000e+00 2.0513111832e-02
     vertex 6.1591102994e-02 1.2000000000e+00 2.5153148145e-02
     vertex 6.1591102994e-02 1.6000000000e+00 2.5153148145e-02
   endloop
 endfacet
 facet normal  -9.4624214898e-02 0.0000000000e+00 9.9551306267e-01
   outer loop
     vertex 6.1591102994e-02 1.2000000000e+00 2.5153148145e-02
     vertex 9.6477207371e-02 1.6000000000e+00 2.8469096836e-02
     vertex 6.1591102994e-02 1.6000000000e+00 2.5153148145e-02
   endloop
 endfacet
 facet normal  -9.4624214898e-02 -8.6346994023e-18 9.9551306267e-01
   outer loop
     vertex 6.1591102994e-02 1.2000000000e+00 2.5153148145e-02
     vertex 9.6477207371e-02 1.2000000000e+00 2.8469096836e-02
     vertex 9.6477207371e-02 1.6000000000e+00 2.8469096836e-02
   endloop
 endfacet
 facet normal  -3.4216953933e-02 -8.5308961290e-18 9.9941442858e-01
   outer loop
     vertex 9.6477207371e-02 1.2000000000e+00 2.8469096836e-02
     vertex 1.4013923911e-01 1.6000000000e+00 2.9963953911e-02
     vertex 9.6477207371e-02 1.6000000000e+00 2.8469096836e-02
   endloop
 endfacet
 facet normal  -3.4216953933e-02 0.0000000000e+00 9.9941442858e-01
   outer loop
     vertex 9.6477207371e-02 1.2000000000e+00 2.8469096836e-02
     vertex 1.4013923911e-01 1.2000000000e+00 2.9963953911e-02
     vertex 1.4013923911e-01 1.6000000000e+00 2.9963953911e-02
   endloop
 endfacet
 facet normal  1.2805392029e-02 0.0000000000e+00 9.9991800761e-01
   outer loop
     vertex 1.4013923911e-01 1.2000000000e+00 2.9963953911e-02
     vertex 1.9119794622e-01 1.6000000000e+00 2.9310073536e-02
     vertex 1.4013923911e-01 1.6000000000e+00 2.9963953911e-02
   endloop
 endfacet
 facet normal  1.2805392029e-02 -8.6729062092e-18 9.9991800761e-01
   outer loop
     vertex 1.4013923911e-01 1.2000000000e+00 2.9963953911e-02
     vertex 1.9119794622e-01 1.2000000000e+00 2.9310073536e-02
     vertex 1.9119794622e-01 1.6000000000e+00 2.9310073536e-02
   endloop
 endfacet
 facet normal  4.8455648455e-02 -8.5661785763e-18 9.9882533515e-01
   outer loop
     vertex 1.9119794622e-01 1.2000000000e+00 2.9310073536e-02
     vertex 2.4650630310e-01 1.6000000000e+00 2.6626919432e-02
     vertex 1.9119794622e-01 1.6000000000e+00 2.9310073536e-02
   endloop
 endfacet
 facet normal  4.8455648455e-02 -0.0000000000e+00 9.9882533515e-01
   outer loop
     vertex 1.9119794622e-01 1.2000000000e+00 2.9310073536e-02
     vertex 2.4650630310e-01 1.2000000000e+00 2.6626919432e-02
     vertex 2.4650630310e-01 1.6000000000e+00 2.6626919432e-02
   endloop
 endfacet
 facet normal  7.4399363779e-02 0.0000000000e+00 9.9722852680e-01
   outer loop
     vertex 2.4650630310e-01 1.2000000000e+00 2.6626919432e-02
     vertex 3.0172720262e-01 1.2000000000e+00 2.2507101676e-02
     vertex 2.4650630310e-01 1.6000000000e+00 2.6626919432e-02
   endloop
 endfacet
 facet normal  7.4399363779e-02 -0.0000000000e+00 9.9722852680e-01
   outer loop
     vertex 2.4650630310e-01 1.6000000000e+00 2.6626919432e-02
     vertex 3.0172720262e-01 1.2000000000e+00 2.2507101676e-02
     vertex 3.0172720262e-01 1.6000000000e+00 2.2507101676e-02
   endloop
 endfacet
 facet normal  9.2885301566e-02 0.0000000000e+00 9.9567681541e-01
   outer loop
     vertex 3.0172720262e-01 1.2000000000e+00 2.2507101676e-02
     vertex 3.5257223469e-01 1.2000000000e+00 1.7763839542e-02
     vertex 3.0172720262e-01 1.6000000000e+00 2.2507101676e-02
   endloop
 endfacet
 facet normal  9.2885301566e-02 -0.0000000000e+00 9.9567681541e-01
   outer loop
     vertex 3.0172720262e-01 1.6000000000e+00 2.2507101676e-02
     vertex 3.5257223469e-01 1.2000000000e+00 1.7763839542e-02
     vertex 3.5257223469e-01 1.6000000000e+00 1.7763839542e-02
   endloop
 endfacet
 facet normal  1.0627101432e-01 0.0000000000e+00 9.9433720212e-01
   outer loop
     vertex 3.5257223469e-01 1.2000000000e+00 1.7763839542e-02
     vertex 3.9601714205e-01 1.2000000000e+00 1.3120611508e-02
     vertex 3.5257223469e-01 1.6000000000e+00 1.7763839542e-02
   endloop
 endfacet
 facet normal  1.0627101432e-01 -0.0000000000e+00 9.9433720212e-01
   outer loop
     vertex 3.5257223469e-01 1.6000000000e+00 1.7763839542e-02
     vertex 3.9601714205e-01 1.2000000000e+00 1.3120611508e-02
     vertex 3.9601714205e-01 1.6000000000e+00 1.3120611508e-02
   endloop
 endfacet
 facet normal  1.1633378193e-01 0.0000000000e+00 9.9321017473e-01
   outer loop
     vertex 3.9601714205e-01 1.2000000000e+00 1.3120611508e-02
     vertex 4.3082896133e-01 1.2000000000e+00 9.0431355647e-03
     vertex 3.9601714205e-01 1.6000000000e+00 1.3120611508e-02
   endloop
 endfacet
 facet normal  1.1633378193e-01 -0.0000000000e+00 9.9321017473e-01
   outer loop
     vertex 3.9601714205e-01 1.6000000000e+00 1.3120611508e-02
     vertex 4.3082896133e-01 1.2000000000e+00 9.0431355647e-03
     vertex 4.3082896133e-01 1.6000000000e+00 9.0431355647e-03
   endloop
 endfacet
 facet normal  1.2403339551e-01 0.0000000000e+00 9.9227804410e-01
   outer loop
     vertex 4.3082896133e-01 1.2000000000e+00 9.0431355647e-03
     vertex 4.5731408473e-01 1.2000000000e+00 5.7325314398e-03
     vertex 4.3082896133e-01 1.6000000000e+00 9.0431355647e-03
   endloop
 endfacet
 facet normal  1.2403339551e-01 -1.7213091440e-17 9.9227804410e-01
   outer loop
     vertex 4.3082896133e-01 1.6000000000e+00 9.0431355647e-03
     vertex 4.5731408473e-01 1.2000000000e+00 5.7325314398e-03
     vertex 4.5731408473e-01 1.6000000000e+00 5.7325314398e-03
   endloop
 endfacet
 facet normal  1.2994999072e-01 -1.8214316768e-17 9.9152054942e-01
   outer loop
     vertex 4.5731408473e-01 1.2000000000e+00 5.7325314398e-03
     vertex 4.7668001788e-01 1.2000000000e+00 3.1944067044e-03
     vertex 4.5731408473e-01 1.6000000000e+00 5.7325314398e-03
   endloop
 endfacet
 facet normal  1.2994999072e-01 1.8034183968e-17 9.9152054942e-01
   outer loop
     vertex 4.5731408473e-01 1.6000000000e+00 5.7325314398e-03
     vertex 4.7668001788e-01 1.2000000000e+00 3.1944067044e-03
     vertex 4.7668001788e-01 1.6000000000e+00 3.1944067044e-03
   endloop
 endfacet
 facet normal  1.3439440070e-01 1.8918844028e-17 9.9092792122e-01
   outer loop
     vertex 4.7668001788e-01 1.2000000000e+00 3.1944067044e-03
     vertex 4.9043339863e-01 1.2000000000e+00 1.3291071969e-03
     vertex 4.7668001788e-01 1.6000000000e+00 3.1944067044e-03
   endloop
 endfacet
 facet normal  1.3439440070e-01 -0.0000000000e+00 9.9092792122e-01
   outer loop
     vertex 4.7668001788e-01 1.6000000000e+00 3.1944067044e-03
     vertex 4.9043339863e-01 1.2000000000e+00 1.3291071969e-03
     vertex 4.9043339863e-01 1.6000000000e+00 1.3291071969e-03
   endloop
 endfacet
 facet normal  1.3761027770e-01 0.0000000000e+00 9.9048645194e-01
   outer loop
     vertex 4.9043339863e-01 1.2000000000e+00 1.3291071969e-03
     vertex 5.0000000000e-01 1.2000000000e+00 0.0000000000e+00
     vertex 4.9043339863e-01 1.6000000000e+00 1.3291071969e-03
   endloop
 endfacet
 facet normal  1.3761027770e-01 -0.0000000000e+00 9.9048645194e-01
   outer loop
     vertex 4.9043339863e-01 1.6000000000e+00 1.3291071969e-03
     vertex 5.0000000000e-01 1.2000000000e+00 0.0000000000e+00
     vertex 5.0000000000e-01 1.6000000000e+00 0.0000000000e+00
   endloop
 endfacet
 facet normal  1.3761027770e-01 0.0000000000e+00 -9.9048645194e-01
   outer loop
     vertex 5.0000000000e-01 1.6000000000e+00 0.0000000000e+00
     vertex 4.9043339863e-01 2.0000000000e+00 -1.3291071969e-03
     vertex 5.0000000000e-01 2.0000000000e+00 0.0000000000e+00
   endloop
 endfacet
 facet normal  1.3761027770e-01 0.0000000000e+00 -9.9048645194e-01
   outer loop
     vertex 5.0000000000e-01 1.6000000000e+00 0.0000000000e+00
     vertex 4.9043339863e-01 1.6000000000e+00 -1.3291071969e-03
     vertex 4.9043339863e-01 2.0000000000e+00 -1.3291071969e-03
   endloop
 endfacet
 facet normal  1.3439440070e-01 0.0000000000e+00 -9.9092792122e-01
   outer loop
     vertex 4.9043339863e-01 1.6000000000e+00 -1.3291071969e-03
     vertex 4.7668001788e-01 2.0000000000e+00 -3.1944067044e-03
     vertex 4.9043339863e-01 2.0000000000e+00 -1.3291071969e-03
   endloop
 endfacet
 facet normal  1.3439440070e-01 0.0000000000e+00 -9.9092792122e-01
   outer loop
     vertex 4.9043339863e-01 1.6000000000e+00 -1.3291071969e-03
     vertex 4.7668001788e-01 1.6000000000e+00 -3.1944067044e-03
     vertex 4.7668001788e-01 2.0000000000e+00 -3.1944067044e-03
   endloop
 endfacet
 facet normal  1.2994999072e-01 0.0000000000e+00 -9.9152054942e-01
   outer loop
     vertex 4.7668001788e-01 1.6000000000e+00 -3.1944067044e-03
     vertex 4.5731408473e-01 2.0000000000e+00 -5.7325314398e-03
     vertex 4.7668001788e-01 2.0000000000e+00 -3.1944067044e-03
   endloop
 endfacet
 facet normal  1.2994999072e-01 0.0000000000e+00 -9.9152054942e-01
   outer loop
     vertex 4.7668001788e-01 1.6000000000e+00 -3.1944067044e-03
     vertex 4.5731408473e-01 1.6000000000e+00 -5.7325314398e-03
     vertex 4.5731408473e-01 2.0000000000e+00 -5.7325314398e-03
   endloop
 endfacet
 facet normal  1.2403339551e-01 0.0000000000e+00 -9.9227804410e-01
   outer loop
     vertex 4.5731408473e-01 1.6000000000e+00 -5.7325314398e-03
     vertex 4.3082896133e-01 2.0000000000e+00 -9.0431355647e-03
     vertex 4.5731408473e-01 2.0000000000e+00 -5.7325314398e-03
   endloop
 endfacet
 facet normal  1.2403339551e-01 0.0000000000e+00 -9.9227804410e-01
   outer loop
     vertex 4.5731408473e-01 1.6000000000e+00 -5.7325314398e-03
     vertex 4.3082896133e-01 1.6000000000e+00 -9.0431355647e-03
     vertex 4.3082896133e-01 2.0000000000e+00 -9.0431355647e-03
   endloop
 endfacet
 facet normal  1.1633378193e-01 0.0000000000e+00 -9.9321017473e-01
   outer loop
     vertex 4.3082896133e-01 1.6000000000e+00 -9.0431355647e-03
     vertex 3.9601714205e-01 2.0000000000e+00 -1.3120611508e-02
     vertex 4.3082896133e-01 2.0000000000e+00 -9.0431355647e-03
   endloop
 endfacet
 facet normal  1.1633378193e-01 0.0000000000e+00 -9.9321017473e-01
   outer loop
     vertex 4.3082896133e-01 1.6000000000e+00 -9.0431355647e-03
     vertex 3.9601714205e-01 1.6000000000e+00 -1.3120611508e-02
     vertex 3.9601714205e-01 2.0000000000e+00 -1.3120611508e-02
   endloop
 endfacet
 facet normal  1.0627101432e-01 0.0000000000e+00 -9.9433720212e-01
   outer loop
     vertex 3.9601714205e-01 1.6000000000e+00 -1.3120611508e-02
     vertex 3.5257223469e-01 2.0000000000e+00 -1.7763839542e-02
     vertex 3.9601714205e-01 2.0000000000e+00 -1.3120611508e-02
   endloop
 endfacet
 facet normal  1.0627101432e-01 0.0000000000e+00 -9.9433720212e-01
   outer loop
     vertex 3.9601714205e-01 1.6000000000e+00 -1.3120611508e-02
     vertex 3.5257223469e-01 1.6000000000e+00 -1.7763839542e-02
     vertex 3.5257223469e-01 2.0000000000e+00 -1.7763839542e-02
   endloop
 endfacet
 facet normal  9.2885301566e-02 0.0000000000e+00 -9.9567681541e-01
   outer loop
     vertex 3.5257223469e-01 1.6000000000e+00 -1.7763839542e-02
     vertex 3.0172720262e-01 2.0000000000e+00 -2.2507101676e-02
     vertex 3.5257223469e-01 2.0000000000e+00 -1.7763839542e-02
   endloop
 endfacet
 facet normal  9.2885301566e-02 0.0000000000e+00 -9.9567681541e-01
   outer loop
     vertex 3.5257223469e-01 1.6000000000e+00 -1.7763839542e-02
     vertex 3.0172720262e-01 1.6000000000e+00 -2.2507101676e-02
     vertex 3.0172720262e-01 2.0000000000e+00 -2.2507101676e-02
   endloop
 endfacet
 facet normal  7.4399363779e-02 0.0000000000e+00 -9.9722852680e-01
   outer loop
     vertex 3.0172720262e-01 1.6000000000e+00 -2.2507101676e-02
     vertex 2.4650630310e-01 2.0000000000e+00 -2.6626919432e-02
     vertex 3.0172720262e-01 2.0000000000e+00 -2.2507101676e-02
   endloop
 endfacet
 facet normal  7.4399363779e-02 5.1624929178e-18 -9.9722852680e-01
   outer loop
     vertex 3.0172720262e-01 1.6000000000e+00 -2.2507101676e-02
     vertex 2.4650630310e-01 1.6000000000e+00 -2.6626919432e-02
     vertex 2.4650630310e-01 2.0000000000e+00 -2.6626919432e-02
   endloop
 endfacet
 facet normal  4.8455648455e-02 3.6712193898e-18 -9.9882533515e-01
   outer loop
     vertex 2.4650630310e-01 1.6000000000e+00 -2.6626919432e-02
     vertex 1.9119794622e-01 1.6000000000e+00 -2.9310073536e-02
     vertex 2.4650630310e-01 2.0000000000e+00 -2.6626919432e-02
   endloop
 endfacet
 facet normal  4.8455648455e-02 0.0000000000e+00 -9.9882533515e-01
   outer loop
     vertex 2.4650630310e-01 2.0000000000e+00 -2.6626919432e-02
     vertex 1.9119794622e-01 1.6000000000e+00 -2.9310073536e-02
     vertex 1.9119794622e-01 2.0000000000e+00 -2.9310073536e-02
   endloop
 endfacet
 facet normal  1.2805392029e-02 0.0000000000e+00 -9.9991800761e-01
   outer loop
     vertex 1.9119794622e-01 1.6000000000e+00 -2.9310073536e-02
     vertex 1.4013923911e-01 1.6000000000e+00 -2.9963953911e-02
     vertex 1.9119794622e-01 2.0000000000e+00 -2.9310073536e-02
   endloop
 endfacet
 facet normal  1.2805392029e-02 0.0000000000e+00 -9.9991800761e-01
   outer loop
     vertex 1.9119794622e-01 2.0000000000e+00 -2.9310073536e-02
     vertex 1.4013923911e-01 1.6000000000e+00 -2.9963953911e-02
     vertex 1.4013923911e-01 2.0000000000e+00 -2.9963953911e-02
   endloop
 endfacet
 facet normal  -3.4216953933e-02 0.0000000000e+00 -9.9941442858e-01
   outer loop
     vertex 1.4013923911e-01 1.6000000000e+00 -2.9963953911e-02
     vertex 9.6477207371e-02 1.6000000000e+00 -2.8469096836e-02
     vertex 1.4013923911e-01 2.0000000000e+00 -2.9963953911e-02
   endloop
 endfacet
 facet normal  -3.4216953933e-02 0.0000000000e+00 -9.9941442858e-01
   outer loop
     vertex 1.4013923911e-01 2.0000000000e+00 -2.9963953911e-02
     vertex 9.6477207371e-02 1.6000000000e+00 -2.8469096836e-02
     vertex 9.6477207371e-02 2.0000000000e+00 -2.8469096836e-02
   endloop
 endfacet
 facet normal  -9.4624214898e-02 0.0000000000e+00 -9.9551306267e-01
   outer loop
     vertex 9.6477207371e-02 1.6000000000e+00 -2.8469096836e-02
     vertex 6.1591102994e-02 1.6000000000e+00 -2.5153148145e-02
     vertex 9.6477207371e-02 2.0000000000e+00 -2.8469096836e-02
   endloop
 endfacet
 facet normal  -9.4624214898e-02 0.0000000000e+00 -9.9551306267e-01
   outer loop
     vertex 9.6477207371e-02 2.0000000000e+00 -2.8469096836e-02
     vertex 6.1591102994e-02 1.6000000000e+00 -2.5153148145e-02
     vertex 6.1591102994e-02 2.0000000000e+00 -2.5153148145e-02
   endloop
 endfacet
 facet normal  -1.7390258613e-01 0.0000000000e+00 -9.8476286005e-01
   outer loop
     vertex 6.1591102994e-02 1.6000000000e+00 -2.5153148145e-02
     vertex 3.5315844343e-02 1.6000000000e+00 -2.0513111832e-02
     vertex 6.1591102994e-02 2.0000000000e+00 -2.5153148145e-02
   endloop
 endfacet
 facet normal  -1.7390258613e-01 0.0000000000e+00 -9.8476286005e-01
   outer loop
     vertex 6.1591102994e-02 2.0000000000e+00 -2.5153148145e-02
     vertex 3.5315844343e-02 1.6000000000e+00 -2.0513111832e-02
     vertex 3.5315844343e-02 2.0000000000e+00 -2.0513111832e-02
   endloop
 endfacet
 facet normal  -2.8796319051e-01 0.0000000000e+00 -9.5764147828e-01
   outer loop
     vertex 3.5315844343e-02 1.6000000000e+00 -2.0513111832e-02
     vertex 1.6628583540e-02 1.6000000000e+00 -1.4893844742e-02
     vertex 3.5315844343e-02 2.0000000000e+00 -2.0513111832e-02
   endloop
 endfacet
 facet normal  -2.8796319051e-01 0.0000000000e+00 -9.5764147828e-01
   outer loop
     vertex 3.5315844343e-02 2.0000000000e+00 -2.0513111832e-02
     vertex 1.6628583540e-02 1.6000000000e+00 -1.4893844742e-02
     vertex 1.6628583540e-02 2.0000000000e+00 -1.4893844742e-02
   endloop
 endfacet
 facet normal  -4.8644732468e-01 0.0000000000e+00 -8.7370990627e-01
   outer loop
     vertex 1.6628583540e-02 1.6000000000e+00 -1.4893844742e-02
     vertex 4.5527334264e-03 1.6000000000e+00 -8.1704861777e-03
     vertex 1.6628583540e-02 2.0000000000e+00 -1.4893844742e-02
   endloop
 endfacet
 facet normal  -4.8644732468e-01 0.0000000000e+00 -8.7370990627e-01
   outer loop
     vertex 1.6628583540e-02 2.0000000000e+00 -1.4893844742e-02
     vertex 4.5527334264e-03 1.6000000000e+00 -8.1704861777e-03
     vertex 4.5527334264e-03 2.0000000000e+00 -8.1704861777e-03
   endloop
 endfacet
 facet normal  -8.7354045498e-01 0.0000000000e+00 -4.8675155214e-01
   outer loop
     vertex 4.5527334264e-03 1.6000000000e+00 -8.1704861777e-03
     vertex 0.0000000000e+00 1.6000000000e+00 0.0000000000e+00
     vertex 4.5527334264e-03 2.0000000000e+00 -8.1704861777e-03
   endloop
 endfacet
 facet normal  -8.7354045498e-01 0.0000000000e+00 -4.8675155214e-01
   outer loop
     vertex 4.5527334264e-03 2.0000000000e+00 -8.1704861777e-03
     vertex 0.0000000000e+00 1.6000000000e+00 0.0000000000e+00
     vertex 0.0000000000e+00 2.0000000000e+00 0.0000000000e+00
   endloop
 endfacet
 facet normal  -8.7354045498e-01 0.0000000000e+00 4.8675155214e-01
   outer loop
     vertex 0.0000000000e+00 1.6000000000e+00 0.0000000000e+00
     vertex 4.5527334264e-03 2.0000000000e+00 8.1704861777e-03
     vertex 0.0000000000e+00 2.0000000000e+00 0.0000000000e+00
   endloop
 endfacet
 facet normal  -8.7354045498e-01 0.0000000000e+00 4.8675155214e-01
   outer loop
     vertex 0.0000000000e+00 1.6000000000e+00 0.0000000000e+00
     vertex 4.5527334264e-03 1.6000000000e+00 8.1704861777e-03
     vertex 4.5527334264e-03 2.0000000000e+00 8.1704861777e-03
   endloop
 endfacet
 facet normal  -4.8644732468e-01 0.0000000000e+00 8.7370990627e-01
   outer loop
     vertex 4.5527334264e-03 1.6000000000e+00 8.1704861777e-03
     vertex 1.6628583540e-02 2.0000000000e+00 1.4893844742e-02
     vertex 4.5527334264e-03 2.0000000000e+00 8.1704861777e-03
   endloop
 endfacet
 facet normal  -4.8644732468e-01 -3.7891127140e-18 8.7370990627e-01
   outer loop
     vertex 4.5527334264e-03 1.6000000000e+00 8.1704861777e-03
     vertex 1.6628583540e-02 1.6000000000e+00 1.4893844742e-02
     vertex 1.6628583540e-02 2.0000000000e+00 1.4893844742e-02
   endloop
 endfacet
 facet normal  -2.8796319051e-01 -3.4725426793e-18 9.5764147828e-01
   outer loop
     vertex 1.6628583540e-02 1.6000000000e+00 1.4893844742e-02
     vertex 3.5315844343e-02 2.0000000000e+00 2.0513111832e-02
     vertex 1.6628583540e-02 2.0000000000e+00 1.4893844742e-02
   endloop
 endfacet
 facet normal  -2.8796319051e-01 0.0000000000e+00 9.5764147828e-01
   outer loop
     vertex 1.6628583540e-02 1.6000000000e+00 1.4893844742e-02
     vertex 3.5315844343e-02 1.6000000000e+00 2.0513111832e-02
     vertex 3.5315844343e-02 2.0000000000e+00 2.0513111832e-02
   endloop
 endfacet
 facet normal  -1.7390258613e-01 0.0000000000e+00 9.8476286005e-01
   outer loop
     vertex 3.5315844343e-02 1.6000000000e+00 2.0513111832e-02
     vertex 6.1591102994e-02 2.0000000000e+00 2.5153148145e-02
     vertex 3.5315844343e-02 2.0000000000e+00 2.0513111832e-02
   endloop
 endfacet
 facet normal  -1.7390258613e-01 0.0000000000e+00 9.8476286005e-01
   outer loop
     vertex 3.5315844343e-02 1.6000000000e+00 2.0513111832e-02
     vertex 6.1591102994e-02 1.6000000000e+00 2.5153148145e-02
     vertex 6.1591102994e-02 2.0000000000e+00 2.5153148145e-02
   endloop
 endfacet
 facet normal  -9.4624214898e-02 0.0000000000e+00 9.9551306267e-01
   outer loop
     vertex 6.1591102994e-02 1.6000000000e+00 2.5153148145e-02
     vertex 9.6477207371e-02 2.0000000000e+00 2.8469096836e-02
     vertex 6.1591102994e-02 2.0000000000e+00 2.5153148145e-02
   endloop
 endfacet
 facet normal  -9.4624214898e-02 0.0000000000e+00 9.9551306267e-01
   outer loop
     vertex 6.1591102994e-02 1.6000000000e+00 2.5153148145e-02
     vertex 9.6477207371e-02 1.6000000000e+00 2.8469096836e-02
     vertex 9.6477207371e-02 2.0000000000e+00 2.8469096836e-02
   endloop
 endfacet
 facet normal  -3.4216953933e-02 0.0000000000e+00 9.9941442858e-01
   outer loop
     vertex 9.6477207371e-02 1.6000000000e+00 2.8469096836e-02
     vertex 1.4013923911e-01 2.0000000000e+00 2.9963953911e-02
     vertex 9.6477207371e-02 2.0000000000e+00 2.8469096836e-02
   endloop
 endfacet
 facet normal  -3.4216953933e-02 0.0000000000e+00 9.9941442858e-01
   outer loop
     vertex 9.6477207371e-02 1.6000000000e+00 2.8469096836e-02
     vertex 1.4013923911e-01 1.6000000000e+00 2.9963953911e-02
     vertex 1.4013923911e-01 2.0000000000e+00 2.9963953911e-02
   endloop
 endfacet
 facet normal  1.2805392029e-02 0.0000000000e+00 9.9991800761e-01
   outer loop
     vertex 1.4013923911e-01 1.6000000000e+00 2.9963953911e-02
     vertex 1.9119794622e-01 2.0000000000e+00 2.9310073536e-02
     vertex 1.4013923911e-01 2.0000000000e+00 2.9963953911e-02
   endloop
 endfacet
 facet normal  1.2805392029e-02 8.6729062092e-18 9.9991800761e-01
   outer loop
     vertex 1.4013923911e-01 1.6000000000e+00 2.9963953911e-02
     vertex 1.9119794622e-01 1.6000000000e+00 2.9310073536e-02
     vertex 1.9119794622e-01 2.0000000000e+00 2.9310073536e-02
   endloop
 endfacet
 facet normal  4.8455648455e-02 8.5661785763e-18 9.9882533515e-01
   outer loop
     vertex 1.9119794622e-01 1.6000000000e+00 2.9310073536e-02
     vertex 2.4650630310e-01 2.0000000000e+00 2.6626919432e-02
     vertex 1.9119794622e-01 2.0000000000e+00 2.9310073536e-02
   endloop
 endfacet
 facet normal  4.8455648455e-02 -0.0000000000e+00 9.9882533515e-01
   outer loop
     vertex 1.9119794622e-01 1.6000000000e+00 2.9310073536e-02
     vertex 2.4650630310e-01 1.6000000000e+00 2.6626919432e-02
     vertex 2.4650630310e-01 2.0000000000e+00 2.6626919432e-02
   endloop
 endfacet
 facet normal  7.4399363779e-02 0.0000000000e+00 9.9722852680e-01
   outer loop
     vertex 2.4650630310e-01 1.6000000000e+00 2.6626919432e-02
     vertex 3.0172720262e-01 1.6000000000e+00 2.2507101676e-02
     vertex 2.4650630310e-01 2.0000000000e+00 2.6626919432e-02
   endloop
 endfacet
 facet normal  7.4399363779e-02 -0.0000000000e+00 9.9722852680e-01
   outer loop
     vertex 2.4650630310e-01 2.0000000000e+00 2.6626919432e-02
     vertex 3.0172720262e-01 1.6000000000e+00 2.2507101676e-02
     vertex 3.0172720262e-01 2.0000000000e+00 2.2507101676e-02
   endloop
 endfacet
 facet normal  9.2885301566e-02 0.0000000000e+00 9.9567681541e-01
   outer loop
     vertex 3.0172720262e-01 1.6000000000e+00 2.2507101676e-02
     vertex 3.5257223469e-01 1.6000000000e+00 1.7763839542e-02
     vertex 3.0172720262e-01 2.0000000000e+00 2.2507101676e-02
   endloop
 endfacet
 facet normal  9.2885301566e-02 -0.0000000000e+00 9.9567681541e-01
   outer loop
     vertex 3.0172720262e-01 2.0000000000e+00 2.2507101676e-02
     vertex 3.5257223469e-01 1.6000000000e+00 1.7763839542e-02
     vertex 3.5257223469e-01 2.0000000000e+00 1.7763839542e-02
   endloop
 endfacet
 facet normal  1.0627101432e-01 0.0000000000e+00 9.9433720212e-01
   outer loop
     vertex 3.5257223469e-01 1.6000000000e+00 1.7763839542e-02
     vertex 3.9601714205e-01 1.6000000000e+00 1.3120611508e-02
     vertex 3.5257223469e-01 2.0000000000e+00 1.7763839542e-02
   endloop
 endfacet
 facet normal  1.0627101432e-01 -0.0000000000e+00 9.9433720212e-01
   outer loop
     vertex 3.5257223469e-01 2.0000000000e+00 1.7763839542e-02
     vertex 3.9601714205e-01 1.6000000000e+00 1.3120611508e-02
     vertex 3.9601714205e-01 2.0000000000e+00 1.3120611508e-02
   endloop
 endfacet
 facet normal  1.1633378193e-01 0.0000000000e+00 9.9321017473e-01
   outer loop
     vertex 3.9601714205e-01 1.6000000000e+00 1.3120611508e-02
     vertex 4.3082896133e-01 1.6000000000e+00 9.0431355647e-03
     vertex 3.9601714205e-01 2.0000000000e+00 1.3120611508e-02
   endloop
 endfacet
 facet normal  1.1633378193e-01 -0.0000000000e+00 9.9321017473e-01
   outer loop
     vertex 3.9601714205e-01 2.0000000000e+00 1.3120611508e-02
     vertex 4.3082896133e-01 1.6000000000e+00 9.0431355647e-03
     vertex 4.3082896133e-01 2.0000000000e+00 9.0431355647e-03
   endloop
 endfacet
 facet normal  1.2403339551e-01 0.0000000000e+00 9.9227804410e-01
   outer loop
     vertex 4.3082896133e-01 1.6000000000e+00 9.0431355647e-03
     vertex 4.5731408473e-01 1.6000000000e+00 5.7325314398e-03
     vertex 4.3082896133e-01 2.0000000000e+00 9.0431355647e-03
   endloop
 endfacet
 facet normal  1.2403339551e-01 1.7213091440e-17 9.9227804410e-01
   outer loop
     vertex 4.3082896133e-01 2.0000000000e+00 9.0431355647e-03
     vertex 4.5731408473e-01 1.6000000000e+00 5.7325314398e-03
     vertex 4.5731408473e-01 2.0000000000e+00 5.7325314398e-03
   endloop
 endfacet
 facet normal  1.2994999072e-01 1.7346968350e-17 9.9152054942e-01
   outer loop
     vertex 4.5731408473e-01 1.6000000000e+00 5.7325314398e-03
     vertex 4.7668001788e-01 1.6000000000e+00 3.1944067044e-03
     vertex 4.5731408473e-01 2.0000000000e+00 5.7325314398e-03
   endloop
 endfacet
 facet normal  1.2994999072e-01 -1.8034183968e-17 9.9152054942e-01
   outer loop
     vertex 4.5731408473e-01 2.0000000000e+00 5.7325314398e-03
     vertex 4.7668001788e-01 1.6000000000e+00 3.1944067044e-03
     vertex 4.7668001788e-01 2.0000000000e+00 3.1944067044e-03
   endloop
 endfacet
 facet normal  1.3439440070e-01 -1.8918844028e-17 9.9092792122e-01
   outer loop
     vertex 4.7668001788e-01 1.6000000000e+00 3.1944067044e-03
     vertex 4.9043339863e-01 1.6000000000e+00 1.3291071969e-03
     vertex 4.7668001788e-01 2.0000000000e+00 3.1944067044e-03
   endloop
 endfacet
 facet normal  1.3439440070e-01 -0.0000000000e+00 9.9092792122e-01
   outer loop
     vertex 4.7668001788e-01 2.0000000000e+00 3.1944067044e-03
     vertex 4.9043339863e-01 1.6000000000e+00 1.3291071969e-03
     vertex 4.9043339863e-01 2.0000000000e+00 1.3291071969e-03
   endloop
 endfacet
 facet normal  1.3761027770e-01 0.0000000000e+00 9.9048645194e-01
   outer loop
     vertex 4.9043339863e-01 1.6000000000e+00 1.3291071969e-03
     vertex 5.0000000000e-01 1.6000000000e+00 0.0000000000e+00
     vertex 4.9043339863e-01 2.0000000000e+00 1.3291071969e-03
   endloop
 endfacet
 facet normal  1.3761027770e-01 -0.0000000000e+00 9.9048645194e-01
   outer loop
     vertex 4.9043339863e-01 2.0000000000e+00 1.3291071969e-03
     vertex 5.0000000000e-01 1.6000000000e+00 0.0000000000e+00
     vertex 5.0000000000e-01 2.0000000000e+00 0.0000000000e+00
   endloop
 endfacet
 facet normal  0.0000000000e+00 1.0000000000e+00 -0.0000000000e+00
   outer loop
     vertex 5.0000000000e-01 2.0000000000e+00 0.0000000000e+00
     vertex 4.9043339863e-01 2.0000000000e+00 -1.3291071969e-03
     vertex 4.9043339863e-01 2.0000000000e+00 -6.6455359845e-04
   endloop
 endfacet
 facet normal  0.0000000000e+00 1.0000000000e+00 0.0000000000e+00
   outer loop
     vertex 4.9043339863e-01 2.0000000000e+00 -1.3291071969e-03
     vertex 4.7668001788e-01 2.0000000000e+00 -1.5972033522e-03
     vertex 4.9043339863e-01 2.0000000000e+00 -6.6455359845e-04
   endloop
 endfacet
 facet normal  0.0000000000e+00 1.0000000000e+00 -0.0000000000e+00
   outer loop
     vertex 4.9043339863e-01 2.0000000000e+00 -1.3291071969e-03
     vertex 4.7668001788e-01 2.0000000000e+00 -3.1944067044e-03
     vertex 4.7668001788e-01 2.0000000000e+00 -1.5972033522e-03
   endloop
 endfacet
 facet normal  -0.0000000000e+00 1.0000000000e+00 0.0000000000e+00
   outer loop
     vertex 4.7668001788e-01 2.0000000000e+00 -3.1944067044e-03
     vertex 4.5731408473e-01 2.0000000000e+00 -2.8662657199e-03
     vertex 4.7668001788e-01 2.0000000000e+00 -1.5972033522e-03
   endloop
 endfacet
 facet normal  0.0000000000e+00 1.0000000000e+00 -0.0000000000e+00
   outer loop
     vertex 4.7668001788e-01 2.0000000000e+00 -3.1944067044e-03
     vertex 4.5731408473e-01 2.0000000000e+00 -5.7325314398e-03
     vertex 4.5731408473e-01 2.0000000000e+00 -2.8662657199e-03
   endloop
 endfacet
 facet normal  -0.0000000000e+00 1.0000000000e+00 0.0000000000e+00
   outer loop
     vertex 4.5731408473e-01 2.0000000000e+00 -5.7325314398e-03
     vertex 4.3082896133e-01 2.0000000000e+00 -4.5215677824e-03
     vertex 4.5731408473e-01 2.0000000000e+00 -2.8662657199e-03
   endloop
 endfacet
 facet normal  0.0000000000e+00 1.0000000000e+00 -0.0000000000e+00
   outer loop
     vertex 4.5731408473e-01 2.0000000000e+00 -5.7325314398e-03
     vertex 4.3082896133e-01 2.0000000000e+00 -9.0431355647e-03
     vertex 4.3082896133e-01 2.0000000000e+00 -4.5215677824e-03
   endloop
 endfacet
 facet normal  -0.0000000000e+00 1.0000000000e+00 0.0000000000e+00
   outer loop
     vertex 4.3082896133e-01 2.0000000000e+00 -9.0431355647e-03
     vertex 3.9601714205e-01 2.0000000000e+00 -6.5603057538e-03
     vertex 4.3082896133e-01 2.0000000000e+00 -4.5215677824e-03
   endloop
 endfacet
 facet normal  0.0000000000e+00 1.0000000000e+00 0.0000000000e+00
   outer loop
     vertex 4.3082896133e-01 2.0000000000e+00 -9.0431355647e-03
     vertex 3.9601714205e-01 2.0000000000e+00 -1.3120611508e-02
     vertex 3.9601714205e-01 2.0000000000e+00 -6.5603057538e-03
   endloop
 endfacet
 facet normal  -0.0000000000e+00 1.0000000000e+00 0.0000000000e+00
   outer loop
     vertex 3.9601714205e-01 2.0000000000e+00 -1.3120611508e-02
     vertex 3.5257223469e-01 2.0000000000e+00 -8.8819197708e-03
     vertex 3.9601714205e-01 2.0000000000e+00 -6.5603057538e-03
   endloop
 endfacet
 facet normal  0.0000000000e+00 1.0000000000e+00 0.0000000000e+00
   outer loop
     vertex 3.9601714205e-01 2.0000000000e+00 -1.3120611508e-02
     vertex 3.5257223469e-01 2.0000000000e+00 -1.7763839542e-02
     vertex 3.5257223469e-01 2.0000000000e+00 -8.8819197708e-03
   endloop
 endfacet
 facet normal  -0.0000000000e+00 1.0000000000e+00 0.0000000000e+00
   outer loop
     vertex 3.5257223469e-01 2.0000000000e+00 -1.7763839542e-02
     vertex 3.0172720262e-01 2.0000000000e+00 -1.1253550838e-02
     vertex 3.5257223469e-01 2.0000000000e+00 -8.8819197708e-03
   endloop
 endfacet
 facet normal  0.0000000000e+00 1.0000000000e+00 0.0000000000e+00
   outer loop
     vertex 3.5257223469e-01 2.0000000000e+00 -1.7763839542e-02
     vertex 3.0172720262e-01 2.0000000000e+00 -2.2507101676e-02
     vertex 3.0172720262e-01 2.0000000000e+00 -1.1253550838e-02
   endloop
 endfacet
 facet normal  -0.0000000000e+00 1.0000000000e+00 0.0000000000e+00
   outer loop
     vertex 3.0172720262e-01 2.0000000000e+00 -2.2507101676e-02
     vertex 2.4650630310e-01 2.0000000000e+00 -1.3313459716e-02
     vertex 3.0172720262e-01 2.0000000000e+00 -1.1253550838e-02
   endloop
 endfacet
 facet normal  0.0000000000e+00 1.0000000000e+00 0.0000000000e+00
   outer loop
     vertex 3.0172720262e-01 2.0000000000e+00 -2.2507101676e-02
     vertex 2.4650630310e-01 2.0000000000e+00 -2.6626919432e-02
     vertex 2.4650630310e-01 2.0000000000e+00 -1.3313459716e-02
   endloop
 endfacet
 facet normal  0.0000000000e+00 1.0000000000e+00 0.0000000000e+00
   outer loop
     vertex 2.4650630310e-01 2.0000000000e+00 -2.6626919432e-02
     vertex 1.9119794622e-01 2.0000000000e+00 -2.9310073536e-02
     vertex 2.4650630310e-01 2.0000000000e+00 -1.3313459716e-02
   endloop
 endfacet
 facet normal  0.0000000000e+00 1.0000000000e+00 0.0000000000e+00
   outer loop
     vertex 2.4650630310e-01 2.0000000000e+00 -1.3313459716e-02
     vertex 1.9119794622e-01 2.0000000000e+00 -2.9310073536e-02
     vertex 1.9119794622e-01 2.0000000000e+00 -1.4655036768e-02
   endloop
 endfacet
 facet normal  0.0000000000e+00 1.0000000000e+00 0.0000000000e+00
   outer loop
     vertex 1.9119794622e-01 2.0000000000e+00 -2.9310073536e-02
     vertex 1.4013923911e-01 2.0000000000e+00 -2.9963953911e-02
     vertex 1.9119794622e-01 2.0000000000e+00 -1.4655036768e-02
   endloop
 endfacet
 facet normal  0.0000000000e+00 1.0000000000e+00 0.0000000000e+00
   outer loop
     vertex 1.9119794622e-01 2.0000000000e+00 -1.4655036768e-02
     vertex 1.4013923911e-01 2.0000000000e+00 -2.9963953911e-02
     vertex 1.4013923911e-01 2.0000000000e+00 -1.4981976955e-02
   endloop
 endfacet
 facet normal  -0.0000000000e+00 1.0000000000e+00 0.0000000000e+00
   outer loop
     vertex 1.4013923911e-01 2.0000000000e+00 -2.9963953911e-02
     vertex 9.6477207371e-02 2.0000000000e+00 -2.8469096836e-02
     vertex 1.4013923911e-01 2.0000000000e+00 -1.4981976955e-02
   endloop
 endfacet
 facet normal  0.0000000000e+00 1.0000000000e+00 0.0000000000e+00
   outer loop
     vertex 1.4013923911e-01 2.0000000000e+00 -1.4981976955e-02
     vertex 9.6477207371e-02 2.0000000000e+00 -2.8469096836e-02
     vertex 9.6477207371e-02 2.0000000000e+00 -1.4234548418e-02
   endloop
 endfacet
 facet normal  -0.0000000000e+00 1.0000000000e+00 0.0000000000e+00
   outer loop
     vertex 9.6477207371e-02 2.0000000000e+00 -2.8469096836e-02
     vertex 6.1591102994e-02 2.0000000000e+00 -2.5153148145e-02
     vertex 9.6477207371e-02 2.0000000000e+00 -1.4234548418e-02
   endloop
 endfacet
 facet normal  0.0000000000e+00 1.0000000000e+00 0.0000000000e+00
   outer loop
     vertex 9.6477207371e-02 2.0000000000e+00 -1.4234548418e-02
     vertex 6.1591102994e-02 2.0000000000e+00 -2.5153148145e-02
     vertex 6.1591102994e-02 2.0000000000e+00 -1.2576574072e-02
   endloop
 endfacet
 facet normal  -0.0000000000e+00 1.0000000000e+00 0.0000000000e+00
   outer loop
     vertex 6.1591102994e-02 2.0000000000e+00 -2.5153148145e-02
     vertex 3.5315844343e-02 2.0000000000e+00 -2.0513111832e-02
     vertex 6.1591102994e-02 2.0000000000e+00 -1.2576574072e-02
   endloop
 endfacet
 facet normal  0.0000000000e+00 1.0000000000e+00 0.0000000000e+00
   outer loop
     vertex 6.1591102994e-02 2.0000000000e+00 -1.2576574072e-02
     vertex 3.5315844343e-02 2.0000000000e+00 -2.0513111832e-02
     vertex 3.5315844343e-02 2.0000000000e+00 -1.0256555916e-02
   endloop
 endfacet
 facet normal  -0.0000000000e+00 1.0000000000e+00 0.0000000000e+00
   outer loop
     vertex 3.5315844343e-02 2.0000000000e+00 -2.0513111832e-02
     vertex 1.6628583540e-02 2.0000000000e+00 -1.4893844742e-02
     vertex 3.5315844343e-02 2.0000000000e+00 -1.0256555916e-02
   endloop
 endfacet
 facet normal  0.0000000000e+00 1.0000000000e+00 0.0000000000e+00
   outer loop
     vertex 3.5315844343e-02 2.0000000000e+00 -1.0256555916e-02
     vertex 1.6628583540e-02 2.0000000000e+00 -1.4893844742e-02
     vertex 1.6628583540e-02 2.0000000000e+00 -7.4469223709e-03
   endloop
 endfacet
 facet normal  -0.0000000000e+00 1.0000000000e+00 0.0000000000e+00
   outer loop
     vertex 1.6628583540e-02 2.0000000000e+00 -1.4893844742e-02
     vertex 4.5527334264e-03 2.0000000000e+00 -8.1704861777e-03
     vertex 1.6628583540e-02 2.0000000000e+00 -7.4469223709e-03
   endloop
 endfacet
 facet normal  0.0000000000e+00 1.0000000000e+00 0.0000000000e+00
   outer loop
     vertex 1.6628583540e-02 2.0000000000e+00 -7.4469223709e-03
     vertex 4.5527334264e-03 2.0000000000e+00 -8.1704861777e-03
     vertex 4.5527334264e-03 2.0000000000e+00 -4.0852430888e-03
   endloop
 endfacet
 facet normal  0.0000000000e+00 1.0000000000e+00 0.0000000000e+00
   outer loop
     vertex 4.5527334264e-03 2.0000000000e+00 -8.1704861777e-03
     vertex 0.0000000000e+00 2.0000000000e+00 0.0000000000e+00
     vertex 4.5527334264e-03 2.0000000000e+00 -4.0852430888e-03
   endloop
 endfacet
 facet normal  0.0000000000e+00 1.0000000000e+00 0.0000000000e+00
   outer loop
     vertex 0.0000000000e+00 2.0000000000e+00 0.0000000000e+00
     vertex 4.5527334264e-03 2.0000000000e+00 8.1704861777e-03
     vertex 4.5527334264e-03 2.0000000000e+00 4.0852430888e-03
   endloop
 endfacet
 facet normal  0.0000000000e+00 1.0000000000e+00 0.0000000000e+00
   outer loop
     vertex 4.5527334264e-03 2.0000000000e+00 8.1704861777e-03
     vertex 1.6628583540e-02 2.0000000000e+00 7.4469223709e-03
     vertex 4.5527334264e-03 2.0000000000e+00 4.0852430888e-03
   endloop
 endfacet
 facet normal  0.0000000000e+00 1.0000000000e+00 0.0000000000e+00
   outer loop
     vertex 4.5527334264e-03 2.0000000000e+00 8.1704861777e-03
     vertex 1.6628583540e-02 2.0000000000e+00 1.4893844742e-02
     vertex 1.6628583540e-02 2.0000000000e+00 7.4469223709e-03
   endloop
 endfacet
 facet normal  0.0000000000e+00 1.0000000000e+00 0.0000000000e+00
   outer loop
     vertex 1.6628583540e-02 2.0000000000e+00 1.4893844742e-02
     vertex 3.5315844343e-02 2.0000000000e+00 1.0256555916e-02
     vertex 1.6628583540e-02 2.0000000000e+00 7.4469223709e-03
   endloop
 endfacet
 facet normal  0.0000000000e+00 1.0000000000e+00 0.0000000000e+00
   outer loop
     vertex 1.6628583540e-02 2.0000000000e+00 1.4893844742e-02
     vertex 3.5315844343e-02 2.0000000000e+00 2.0513111832e-02
     vertex 3.5315844343e-02 2.0000000000e+00 1.0256555916e-02
   endloop
 endfacet
 facet normal  0.0000000000e+00 1.0000000000e+00 0.0000000000e+00
   outer loop
     vertex 3.5315844343e-02 2.0000000000e+00 2.0513111832e-02
     vertex 6.1591102994e-02 2.0000000000e+00 1.2576574072e-02
     vertex 3.5315844343e-02 2.0000000000e+00 1.0256555916e-02
   endloop
 endfacet
 facet normal  0.0000000000e+00 1.0000000000e+00 0.0000000000e+00
   outer loop
     vertex 3.5315844343e-02 2.0000000000e+00 2.0513111832e-02
     vertex 6.1591102994e-02 2.0000000000e+00 2.5153148145e-02
     vertex 6.1591102994e-02 2.0000000000e+00 1.2576574072e-02
   endloop
 endfacet
 facet normal  0.0000000000e+00 1.0000000000e+00 0.0000000000e+00
   outer loop
     vertex 6.1591102994e-02 2.0000000000e+00 2.5153148145e-02
     vertex 9.6477207371e-02 2.0000000000e+00 1.4234548418e-02
     vertex 6.1591102994e-02 2.0000000000e+00 1.2576574072e-02
   endloop
 endfacet
 facet normal  0.0000000000e+00 1.0000000000e+00 0.0000000000e+00
   outer loop
     vertex 6.1591102994e-02 2.0000000000e+00 2.5153148145e-02
     vertex 9.6477207371e-02 2.0000000000e+00 2.8469096836e-02
     vertex 9.6477207371e-02 2.0000000000e+00 1.4234548418e-02
   endloop
 endfacet
 facet normal  0.0000000000e+00 1.0000000000e+00 0.0000000000e+00
   outer loop
     vertex 9.6477207371e-02 2.0000000000e+00 2.8469096836e-02
     vertex 1.4013923911e-01 2.0000000000e+00 1.4981976955e-02
     vertex 9.6477207371e-02 2.0000000000e+00 1.4234548418e-02
   endloop
 endfacet
 facet normal  0.0000000000e+00 1.0000000000e+00 0.0000000000e+00
   outer loop
     vertex 9.6477207371e-02 2.0000000000e+00 2.8469096836e-02
     vertex 1.4013923911e-01 2.0000000000e+00 2.9963953911e-02
     vertex 1.4013923911e-01 2.0000000000e+00 1.4981976955e-02
   endloop
 endfacet
 facet normal  0.0000000000e+00 1.0000000000e+00 0.0000000000e+00
   outer loop
     vertex 1.4013923911e-01 2.0000000000e+00 2.9963953911e-02
     vertex 1.9119794622e-01 2.0000000000e+00 1.4655036768e-02
     vertex 1.4013923911e-01 2.0000000000e+00 1.4981976955e-02
   endloop
 endfacet
 facet normal  0.0000000000e+00 1.0000000000e+00 0.0000000000e+00
   outer loop
     vertex 1.4013923911e-01 2.0000000000e+00 2.9963953911e-02
     vertex 1.9119794622e-01 2.0000000000e+00 2.9310073536e-02
     vertex 1.9119794622e-01 2.0000000000e+00 1.4655036768e-02
   endloop
 endfacet
 facet normal  0.0000000000e+00 1.0000000000e+00 0.0000000000e+00
   outer loop
     vertex 1.9119794622e-01 2.0000000000e+00 2.9310073536e-02
     vertex 2.4650630310e-01 2.0000000000e+00 1.3313459716e-02
     vertex 1.9119794622e-01 2.0000000000e+00 1.4655036768e-02
   endloop
 endfacet
 facet normal  0.0000000000e+00 1.0000000000e+00 0.0000000000e+00
   outer loop
     vertex 1.9119794622e-01 2.0000000000e+00 2.9310073536e-02
     vertex 2.4650630310e-01 2.0000000000e+00 2.6626919432e-02
     vertex 2.4650630310e-01 2.0000000000e+00 1.3313459716e-02
   endloop
 endfacet
 facet normal  0.0000000000e+00 1.0000000000e+00 0.0000000000e+00
   outer loop
     vertex 2.4650630310e-01 2.0000000000e+00 2.6626919432e-02
     vertex 3.0172720262e-01 2.0000000000e+00 2.2507101676e-02
     vertex 2.4650630310e-01 2.0000000000e+00 1.3313459716e-02
   endloop
 endfacet
 facet normal  0.0000000000e+00 1.0000000000e+00 0.0000000000e+00
   outer loop
     vertex 2.4650630310e-01 2.0000000000e+00 1.3313459716e-02
     vertex 3.0172720262e-01 2.0000000000e+00 2.2507101676e-02
     vertex 3.0172720262e-01 2.0000000000e+00 1.1253550838e-02
   endloop
 endfacet
 facet normal  0.0000000000e+00 1.0000000000e+00 0.0000000000e+00
   outer loop
     vertex 3.0172720262e-01 2.0000000000e+00 2.2507101676e-02
     vertex 3.5257223469e-01 2.0000000000e+00 1.7763839542e-02
     vertex 3.0172720262e-01 2.0000000000e+00 1.1253550838e-02
   endloop
 endfacet
 facet normal  0.0000000000e+00 1.0000000000e+00 0.0000000000e+00
   outer loop
     vertex 3.0172720262e-01 2.0000000000e+00 1.1253550838e-02
     vertex 3.5257223469e-01 2.0000000000e+00 1.7763839542e-02
     vertex 3.5257223469e-01 2.0000000000e+00 8.8819197708e-03
   endloop
 endfacet
 facet normal  0.0000000000e+00 1.0000000000e+00 0.0000000000e+00
   outer loop
     vertex 3.5257223469e-01 2.0000000000e+00 1.7763839542e-02
     vertex 3.9601714205e-01 2.0000000000e+00 1.3120611508e-02
     vertex 3.5257223469e-01 2.0000000000e+00 8.8819197708e-03
   endloop
 endfacet
 facet normal  0.0000000000e+00 1.0000000000e+00 0.0000000000e+00
   outer loop
     vertex 3.5257223469e-01 2.0000000000e+00 8.8819197708e-03
     vertex 3.9601714205e-01 2.0000000000e+00 1.3120611508e-02
     vertex 3.9601714205e-01 2.0000000000e+00 6.5603057538e-03
   endloop
 endfacet
 facet normal  0.0000000000e+00 1.0000000000e+00 0.0000000000e+00
   outer loop
     vertex 3.9601714205e-01 2.0000000000e+00 1.3120611508e-02
     vertex 4.3082896133e-01 2.0000000000e+00 9.0431355647e-03
     vertex 3.9601714205e-01 2.0000000000e+00 6.5603057538e-03
   endloop
 endfacet
 facet normal  0.0000000000e+00 1.0000000000e+00 0.0000000000e+00
   outer loop
     vertex 3.9601714205e-01 2.0000000000e+00 6.5603057538e-03
     vertex 4.3082896133e-01 2.0000000000e+00 9.0431355647e-03
     vertex 4.3082896133e-01 2.0000000000e+00 4.5215677824e-03
   endloop
 endfacet
 facet normal  0.0000000000e+00 1.0000000000e+00 0.0000000000e+00
   outer loop
     vertex 4.3082896133e-01 2.0000000000e+00 9.0431355647e-03
     vertex 4.5731408473e-01 2.0000000000e+00 5.7325314398e-03
     vertex 4.3082896133e-01 2.0000000000e+00 4.5215677824e-03
   endloop
 endfacet
 facet normal  0.0000000000e+00 1.0000000000e+00 0.0000000000e+00
   outer loop
     vertex 4.3082896133e-01 2.0000000000e+00 4.5215677824e-03
     vertex 4.5731408473e-01 2.0000000000e+00 5.7325314398e-03
     vertex 4.5731408473e-01 2.0000000000e+00 2.8662657199e-03
   endloop
 endfacet
 facet normal  0.0000000000e+00 1.0000000000e+00 0.0000000000e+00
   outer loop
     vertex 4.5731408473e-01 2.0000000000e+00 5.7325314398e-03
     vertex 4.7668001788e-01 2.0000000000e+00 3.1944067044e-03
     vertex 4.5731408473e-01 2.0000000000e+00 2.8662657199e-03
   endloop
 endfacet
 facet normal  0.0000000000e+00 1.0000000000e+00 0.0000000000e+00
   outer loop
     vertex 4.5731408473e-01 2.0000000000e+00 2.8662657199e-03
     vertex 4.7668001788e-01 2.0000000000e+00 3.1944067044e-03
     vertex 4.7668001788e-01 2.0000000000e+00 1.5972033522e-03
   endloop
 endfacet
 facet normal  0.0000000000e+00 1.0000000000e+00 0.0000000000e+00
   outer loop
     vertex 4.7668001788e-01 2.0000000000e+00 3.1944067044e-03
     vertex 4.9043339863e-01 2.0000000000e+00 1.3291071969e-03
     vertex 4.7668001788e-01 2.0000000000e+00 1.5972033522e-03
   endloop
 endfacet
 facet normal  0.0000000000e+00 1.0000000000e+00 0.0000000000e+00
   outer loop
     vertex 4.7668001788e-01 2.0000000000e+00 1.5972033522e-03
     vertex 4.9043339863e-01 2.0000000000e+00 1.3291071969e-03
     vertex 4.9043339863e-01 2.0000000000e+00 6.6455359845e-04
   endloop
 endfacet
 facet normal  0.0000000000e+00 1.0000000000e+00 0.0000000000e+00
   outer loop
     vertex 4.9043339863e-01 2.0000000000e+00 1.3291071969e-03
     vertex 5.0000000000e-01 2.0000000000e+00 0.0000000000e+00
     vertex 4.9043339863e-01 2.0000000000e+00 6.6455359845e-04
   endloop
 endfacet
 facet normal  0.0000000000e+00 1.0000000000e+00 -0.0000000000e+00
   outer loop
     vertex 5.0000000000e-01 2.0000000000e+00 0.0000000000e+00
     vertex 4.9043339863e-01 2.0000000000e+00 -6.6455359845e-04
     vertex 4.9043339863e-01 2.0000000000e+00 1.0076624525e-16
   endloop
 endfacet
 facet normal  0.0000000000e+00 1.0000000000e+00 0.0000000000e+00
   outer loop
     vertex 4.9043339863e-01 2.0000000000e+00 -6.6455359845e-04
     vertex 4.7668001788e-01 2.0000000000e+00 1.3604509087e-16
     vertex 4.9043339863e-01 2.0000000000e+00 1.0076624525e-16
   endloop
 endfacet
 facet normal  0.0000000000e+00 1.0000000000e+00 -0.0000000000e+00
   outer loop
     vertex 4.9043339863e-01 2.0000000000e+00 -6.6455359845e-04
     vertex 4.7668001788e-01 2.0000000000e+00 -1.5972033522e-03
     vertex 4.7668001788e-01 2.0000000000e+00 1.3604509087e-16
   endloop
 endfacet
 facet normal  -0.0000000000e+00 1.0000000000e+00 0.0000000000e+00
   outer loop
     vertex 4.7668001788e-01 2.0000000000e+00 -1.5972033522e-03
     vertex 4.5731408473e-01 2.0000000000e+00 6.7307976699e-17
     vertex 4.7668001788e-01 2.0000000000e+00 1.3604509087e-16
   endloop
 endfacet
 facet normal  0.0000000000e+00 1.0000000000e+00 -0.0000000000e+00
   outer loop
     vertex 4.7668001788e-01 2.0000000000e+00 -1.5972033522e-03
     vertex 4.5731408473e-01 2.0000000000e+00 -2.8662657199e-03
     vertex 4.5731408473e-01 2.0000000000e+00 6.7307976699e-17
   endloop
 endfacet
 facet normal  -0.0000000000e+00 1.0000000000e+00 0.0000000000e+00
   outer loop
     vertex 4.5731408473e-01 2.0000000000e+00 -2.8662657199e-03
     vertex 4.3082896133e-01 2.0000000000e+00 4.1848092246e-18
     vertex 4.5731408473e-01 2.0000000000e+00 6.7307976699e-17
   endloop
 endfacet
 facet normal  0.0000000000e+00 1.0000000000e+00 0.0000000000e+00
   outer loop
     vertex 4.5731408473e-01 2.0000000000e+00 -2.8662657199e-03
     vertex 4.3082896133e-01 2.0000000000e+00 -4.5215677824e-03
     vertex 4.3082896133e-01 2.0000000000e+00 4.1848092246e-18
   endloop
 endfacet
 facet normal  -0.0000000000e+00 1.0000000000e+00 0.0000000000e+00
   outer loop
     vertex 4.3082896133e-01 2.0000000000e+00 -4.5215677824e-03
     vertex 3.9601714205e-01 2.0000000000e+00 -6.9382688280e-18
     vertex 4.3082896133e-01 2.0000000000e+00 4.1848092246e-18
   endloop
 endfacet
 facet normal  0.0000000000e+00 1.0000000000e+00 0.0000000000e+00
   outer loop
     vertex 4.3082896133e-01 2.0000000000e+00 -4.5215677824e-03
     vertex 3.9601714205e-01 2.0000000000e+00 -6.5603057538e-03
     vertex 3.9601714205e-01 2.0000000000e+00 -6.9382688280e-18
   endloop
 endfacet
 facet normal  -0.0000000000e+00 1.0000000000e+00 0.0000000000e+00
   outer loop
     vertex 3.9601714205e-01 2.0000000000e+00 -6.5603057538e-03
     vertex 3.5257223469e-01 2.0000000000e+00 -2.3897798535e-17
     vertex 3.9601714205e-01 2.0000000000e+00 -6.9382688280e-18
   endloop
 endfacet
 facet normal  0.0000000000e+00 1.0000000000e+00 0.0000000000e+00
   outer loop
     vertex 3.9601714205e-01 2.0000000000e+00 -6.5603057538e-03
     vertex 3.5257223469e-01 2.0000000000e+00 -8.8819197708e-03
     vertex 3.5257223469e-01 2.0000000000e+00 -2.3897798535e-17
   endloop
 endfacet
 facet normal  0.0000000000e+00 1.0000000000e+00 0.0000000000e+00
   outer loop
     vertex 3.5257223469e-01 2.0000000000e+00 -8.8819197708e-03
     vertex 3.0172720262e-01 2.0000000000e+00 -1.3181530559e-17
     vertex 3.5257223469e-01 2.0000000000e+00 -2.3897798535e-17
   endloop
 endfacet
 facet normal  0.0000000000e+00 1.0000000000e+00 0.0000000000e+00
   outer loop
     vertex 3.5257223469e-01 2.0000000000e+00 -8.8819197708e-03
     vertex 3.0172720262e-01 2.0000000000e+00 -1.1253550838e-02
     vertex 3.0172720262e-01 2.0000000000e+00 -1.3181530559e-17
   endloop
 endfacet
 facet normal  -0.0000000000e+00 1.0000000000e+00 0.0000000000e+00
   outer loop
     vertex 3.0172720262e-01 2.0000000000e+00 -1.1253550838e-02
     vertex 2.4650630310e-01 2.0000000000e+00 -1.3877787808e-17
     vertex 3.0172720262e-01 2.0000000000e+00 -1.3181530559e-17
   endloop
 endfacet
 facet normal  0.0000000000e+00 1.0000000000e+00 0.0000000000e+00
   outer loop
     vertex 3.0172720262e-01 2.0000000000e+00 -1.1253550838e-02
     vertex 2.4650630310e-01 2.0000000000e+00 -1.3313459716e-02
     vertex 2.4650630310e-01 2.0000000000e+00 -1.3877787808e-17
   endloop
 endfacet
 facet normal  0.0000000000e+00 1.0000000000e+00 0.0000000000e+00
   outer loop
     vertex 2.4650630310e-01 2.0000000000e+00 -1.3313459716e-02
     vertex 1.9119794622e-01 2.0000000000e+00 -1.4655036768e-02
     vertex 2.4650630310e-01 2.0000000000e+00 -1.3877787808e-17
   endloop
 endfacet
 facet normal  0.0000000000e+00 1.0000000000e+00 0.0000000000e+00
   outer loop
     vertex 2.4650630310e-01 2.0000000000e+00 -1.3877787808e-17
     vertex 1.9119794622e-01 2.0000000000e+00 -1.4655036768e-02
     vertex 1.9119794622e-01 2.0000000000e+00 -7.2538604524e-18
   endloop
 endfacet
 facet normal  0.0000000000e+00 1.0000000000e+00 0.0000000000e+00
   outer loop
     vertex 1.9119794622e-01 2.0000000000e+00 -1.4655036768e-02
     vertex 1.4013923911e-01 2.0000000000e+00 -1.4981976955e-02
     vertex 1.9119794622e-01 2.0000000000e+00 -7.2538604524e-18
   endloop
 endfacet
 facet normal  0.0000000000e+00 1.0000000000e+00 0.0000000000e+00
   outer loop
     vertex 1.9119794622e-01 2.0000000000e+00 -7.2538604524e-18
     vertex 1.4013923911e-01 2.0000000000e+00 -1.4981976955e-02
     vertex 1.4013923911e-01 2.0000000000e+00 -7.1091296797e-19
   endloop
 endfacet
 facet normal  -0.0000000000e+00 1.0000000000e+00 0.0000000000e+00
   outer loop
     vertex 1.4013923911e-01 2.0000000000e+00 -1.4981976955e-02
     vertex 9.6477207371e-02 2.0000000000e+00 -1.4234548418e-02
     vertex 1.4013923911e-01 2.0000000000e+00 -7.1091296797e-19
   endloop
 endfacet
 facet normal  0.0000000000e+00 1.0000000000e+00 0.0000000000e+00
   outer loop
     vertex 1.4013923911e-01 2.0000000000e+00 -7.1091296797e-19
     vertex 9.6477207371e-02 2.0000000000e+00 -1.4234548418e-02
     vertex 9.6477207371e-02 2.0000000000e+00 4.3018404316e-18
   endloop
 endfacet
 facet normal  -0.0000000000e+00 1.0000000000e+00 0.0000000000e+00
   outer loop
     vertex 9.6477207371e-02 2.0000000000e+00 -1.4234548418e-02
     vertex 6.1591102994e-02 2.0000000000e+00 -1.2576574072e-02
     vertex 9.6477207371e-02 2.0000000000e+00 4.3018404316e-18
   endloop
 endfacet
 facet normal  0.0000000000e+00 1.0000000000e+00 0.0000000000e+00
   outer loop
     vertex 9.6477207371e-02 2.0000000000e+00 4.3018404316e-18
     vertex 6.1591102994e-02 2.0000000000e+00 -1.2576574072e-02
     vertex 6.1591102994e-02 2.0000000000e+00 2.5661817547e-17
   endloop
 endfacet
 facet normal  -0.0000000000e+00 1.0000000000e+00 0.0000000000e+00
   outer loop
     vertex 6.1591102994e-02 2.0000000000e+00 -1.2576574072e-02
     vertex 3.5315844343e-02 2.0000000000e+00 -1.0256555916e-02
     vertex 6.1591102994e-02 2.0000000000e+00 2.5661817547e-17
   endloop
 endfacet
 facet normal  0.0000000000e+00 1.0000000000e+00 0.0000000000e+00
   outer loop
     vertex 6.1591102994e-02 2.0000000000e+00 2.5661817547e-17
     vertex 3.5315844343e-02 2.0000000000e+00 -1.0256555916e-02
     vertex 3.5315844343e-02 2.0000000000e+00 3.8526315801e-17
   endloop
 endfacet
 facet normal  -0.0000000000e+00 1.0000000000e+00 0.0000000000e+00
   outer loop
     vertex 3.5315844343e-02 2.0000000000e+00 -1.0256555916e-02
     vertex 1.6628583540e-02 2.0000000000e+00 -7.4469223709e-03
     vertex 3.5315844343e-02 2.0000000000e+00 3.8526315801e-17
   endloop
 endfacet
 facet normal  0.0000000000e+00 1.0000000000e+00 0.0000000000e+00
   outer loop
     vertex 3.5315844343e-02 2.0000000000e+00 3.8526315801e-17
     vertex 1.6628583540e-02 2.0000000000e+00 -7.4469223709e-03
     vertex 1.6628583540e-02 2.0000000000e+00 4.4191183683e-17
   endloop
 endfacet
 facet normal  -0.0000000000e+00 1.0000000000e+00 0.0000000000e+00
   outer loop
     vertex 1.6628583540e-02 2.0000000000e+00 -7.4469223709e-03
     vertex 4.5527334264e-03 2.0000000000e+00 -4.0852430888e-03
     vertex 1.6628583540e-02 2.0000000000e+00 4.4191183683e-17
   endloop
 endfacet
 facet normal  0.0000000000e+00 1.0000000000e+00 0.0000000000e+00
   outer loop
     vertex 1.6628583540e-02 2.0000000000e+00 4.4191183683e-17
     vertex 4.5527334264e-03 2.0000000000e+00 -4.0852430888e-03
     vertex 4.5527334264e-03 2.0000000000e+00 2.9821455054e-17
   endloop
 endfacet
 facet normal  -0.0000000000e+00 1.0000000000e+00 0.0000000000e+00
   outer loop
     vertex 4.5527334264e-03 2.0000000000e+00 -4.0852430888e-03
     vertex 0.0000000000e+00 2.0000000000e+00 0.0000000000e+00
     vertex 4.5527334264e-03 2.0000000000e+00 2.9821455054e-17
   endloop
 endfacet
 facet normal  0.0000000000e+00 1.0000000000e+00 0.0000000000e+00
   outer loop
     vertex 0.0000000000e+00 2.0000000000e+00 0.0000000000e+00
     vertex 4.5527334264e-03 2.0000000000e+00 4.0852430888e-03
     vertex 4.5527334264e-03 2.0000000000e+00 2.9821455054e-17
   endloop
 endfacet
 facet normal  0.0000000000e+00 1.0000000000e+00 0.0000000000e+00
   outer loop
     vertex 4.5527334264e-03 2.0000000000e+00 4.0852430888e-03
     vertex 1.6628583540e-02 2.0000000000e+00 4.4191183683e-17
     vertex 4.5527334264e-03 2.0000000000e+00 2.9821455054e-17
   endloop
 endfacet
 facet normal  0.0000000000e+00 1.0000000000e+00 0.0000000000e+00
   outer loop
     vertex 4.5527334264e-03 2.0000000000e+00 4.0852430888e-03
     vertex 1.6628583540e-02 2.0000000000e+00 7.4469223709e-03
     vertex 1.6628583540e-02 2.0000000000e+00 4.4191183683e-17
   endloop
 endfacet
 facet normal  0.0000000000e+00 1.0000000000e+00 0.0000000000e+00
   outer loop
     vertex 1.6628583540e-02 2.0000000000e+00 7.4469223709e-03
     vertex 3.5315844343e-02 2.0000000000e+00 3.8526315801e-17
     vertex 1.6628583540e-02 2.0000000000e+00 4.4191183683e-17
   endloop
 endfacet
 facet normal  0.0000000000e+00 1.0000000000e+00 0.0000000000e+00
   outer loop
     vertex 1.6628583540e-02 2.0000000000e+00 7.4469223709e-03
     vertex 3.5315844343e-02 2.0000000000e+00 1.0256555916e-02
     vertex 3.5315844343e-02 2.0000000000e+00 3.8526315801e-17
   endloop
 endfacet
 facet normal  0.0000000000e+00 1.0000000000e+00 0.0000000000e+00
   outer loop
     vertex 3.5315844343e-02 2.0000000000e+00 1.0256555916e-02
     vertex 6.1591102994e-02 2.0000000000e+00 2.5661817547e-17
     vertex 3.5315844343e-02 2.0000000000e+00 3.8526315801e-17
   endloop
 endfacet
 facet normal  0.0000000000e+00 1.0000000000e+00 0.0000000000e+00
   outer loop
     vertex 3.5315844343e-02 2.0000000000e+00 1.0256555916e-02
     vertex 6.1591102994e-02 2.0000000000e+00 1.2576574072e-02
     vertex 6.1591102994e-02 2.0000000000e+00 2.5661817547e-17
   endloop
 endfacet
 facet normal  0.0000000000e+00 1.0000000000e+00 0.0000000000e+00
   outer loop
     vertex 6.1591102994e-02 2.0000000000e+00 1.2576574072e-02
     vertex 9.6477207371e-02 2.0000000000e+00 4.3018404316e-18
     vertex 6.1591102994e-02 2.0000000000e+00 2.5661817547e-17
   endloop
 endfacet
 facet normal  0.0000000000e+00 1.0000000000e+00 0.0000000000e+00
   outer loop
     vertex 6.1591102994e-02 2.0000000000e+00 1.2576574072e-02
     vertex 9.6477207371e-02 2.0000000000e+00 1.4234548418e-02
     vertex 9.6477207371e-02 2.0000000000e+00 4.3018404316e-18
   endloop
 endfacet
 facet normal  0.0000000000e+00 1.0000000000e+00 0.0000000000e+00
   outer loop
     vertex 9.6477207371e-02 2.0000000000e+00 1.4234548418e-02
     vertex 1.4013923911e-01 2.0000000000e+00 -7.1091296797e-19
     vertex 9.6477207371e-02 2.0000000000e+00 4.3018404316e-18
   endloop
 endfacet
 facet normal  0.0000000000e+00 1.0000000000e+00 0.0000000000e+00
   outer loop
     vertex 9.6477207371e-02 2.0000000000e+00 1.4234548418e-02
     vertex 1.4013923911e-01 2.0000000000e+00 1.4981976955e-02
     vertex 1.4013923911e-01 2.0000000000e+00 -7.1091296797e-19
   endloop
 endfacet
 facet normal  0.0000000000e+00 1.0000000000e+00 0.0000000000e+00
   outer loop
     vertex 1.4013923911e-01 2.0000000000e+00 1.4981976955e-02
     vertex 1.9119794622e-01 2.0000000000e+00 -7.2538604524e-18
     vertex 1.4013923911e-01 2.0000000000e+00 -7.1091296797e-19
   endloop
 endfacet
 facet normal  0.0000000000e+00 1.0000000000e+00 0.0000000000e+00
   outer loop
     vertex 1.4013923911e-01 2.0000000000e+00 1.4981976955e-02
     vertex 1.9119794622e-01 2.0000000000e+00 1.4655036768e-02
     vertex 1.9119794622e-01 2.0000000000e+00 -7.2538604524e-18
   endloop
 endfacet
 facet normal  0.0000000000e+00 1.0000000000e+00 0.0000000000e+00
   outer loop
     vertex 1.9119794622e-01 2.0000000000e+00 1.4655036768e-02
     vertex 2.4650630310e-01 2.0000000000e+00 -1.3877787808e-17
     vertex 1.9119794622e-01 2.0000000000e+00 -7.2538604524e-18
   endloop
 endfacet
 facet normal  0.0000000000e+00 1.0000000000e+00 0.0000000000e+00
   outer loop
     vertex 1.9119794622e-01 2.0000000000e+00 1.4655036768e-02
     vertex 2.4650630310e-01 2.0000000000e+00 1.3313459716e-02
     vertex 2.4650630310e-01 2.0000000000e+00 -1.3877787808e-17
   endloop
 endfacet
 facet normal  0.0000000000e+00 1.0000000000e+00 0.0000000000e+00
   outer loop
     vertex 2.4650630310e-01 2.0000000000e+00 1.3313459716e-02
     vertex 3.0172720262e-01 2.0000000000e+00 1.1253550838e-02
     vertex 2.4650630310e-01 2.0000000000e+00 -1.3877787808e-17
   endloop
 endfacet
 facet normal  0.0000000000e+00 1.0000000000e+00 0.0000000000e+00
   outer loop
     vertex 2.4650630310e-01 2.0000000000e+00 -1.3877787808e-17
     vertex 3.0172720262e-01 2.0000000000e+00 1.1253550838e-02
     vertex 3.0172720262e-01 2.0000000000e+00 -1.3181530559e-17
   endloop
 endfacet
 facet normal  0.0000000000e+00 1.0000000000e+00 0.0000000000e+00
   outer loop
     vertex 3.0172720262e-01 2.0000000000e+00 1.1253550838e-02
     vertex 3.5257223469e-01 2.0000000000e+00 8.8819197708e-03
     vertex 3.0172720262e-01 2.0000000000e+00 -1.3181530559e-17
   endloop
 endfacet
 facet normal  0.0000000000e+00 1.0000000000e+00 0.0000000000e+00
   outer loop
     vertex 3.0172720262e-01 2.0000000000e+00 -1.3181530559e-17
     vertex 3.5257223469e-01 2.0000000000e+00 8.8819197708e-03
     vertex 3.5257223469e-01 2.0000000000e+00 -2.3897798535e-17
   endloop
 endfacet
 facet normal  0.0000000000e+00 1.0000000000e+00 0.0000000000e+00
   outer loop
     vertex 3.5257223469e-01 2.0000000000e+00 8.8819197708e-03
     vertex 3.9601714205e-01 2.0000000000e+00 6.5603057538e-03
     vertex 3.5257223469e-01 2.0000000000e+00 -2.3897798535e-17
   endloop
 endfacet
 facet normal  0.0000000000e+00 1.0000000000e+00 0.0000000000e+00
   outer loop
     vertex 3.5257223469e-01 2.0000000000e+00 -2.3897798535e-17
     vertex 3.9601714205e-01 2.0000000000e+00 6.5603057538e-03
     vertex 3.9601714205e-01 2.0000000000e+00 -6.9382688280e-18
   endloop
 endfacet
 facet normal  0.0000000000e+00 1.0000000000e+00 0.0000000000e+00
   outer loop
     vertex 3.9601714205e-01 2.0000000000e+00 6.5603057538e-03
     vertex 4.3082896133e-01 2.0000000000e+00 4.5215677824e-03
     vertex 3.9601714205e-01 2.0000000000e+00 -6.9382688280e-18
   endloop
 endfacet
 facet normal  0.0000000000e+00 1.0000000000e+00 0.0000000000e+00
   outer loop
     vertex 3.9601714205e-01 2.0000000000e+00 -6.9382688280e-18
     vertex 4.3082896133e-01 2.0000000000e+00 4.5215677824e-03
     vertex 4.3082896133e-01 2.0000000000e+00 4.1848092246e-18
   endloop
 endfacet
 facet normal  0.0000000000e+00 1.0000000000e+00 0.0000000000e+00
   outer loop
     vertex 4.3082896133e-01 2.0000000000e+00 4.5215677824e-03
     vertex 4.5731408473e-01 2.0000000000e+00 2.8662657199e-03
     vertex 4.3082896133e-01 2.0000000000e+00 4.1848092246e-18
   endloop
 endfacet
 facet normal  0.0000000000e+00 1.0000000000e+00 0.0000000000e+00
   outer loop
     vertex 4.3082896133e-01 2.0000000000e+00 4.1848092246e-18
     vertex 4.5731408473e-01 2.0000000000e+00 2.8662657199e-03
     vertex 4.5731408473e-01 2.0000000000e+00 6.7307976699e-17
   endloop
 endfacet
 facet normal  0.0000000000e+00 1.0000000000e+00 0.0000000000e+00
   outer loop
     vertex 4.5731408473e-01 2.0000000000e+00 2.8662657199e-03
     vertex 4.7668001788e-01 2.0000000000e+00 1.5972033522e-03
     vertex 4.5731408473e-01 2.0000000000e+00 6.7307976699e-17
   endloop
 endfacet
 facet normal  0.0000000000e+00 1.0000000000e+00 0.0000000000e+00
   outer loop
     vertex 4.5731408473e-01 2.0000000000e+00 6.7307976699e-17
     vertex 4.7668001788e-01 2.0000000000e+00 1.5972033522e-03
     vertex 4.7668001788e-01 2.0000000000e+00 1.3604509087e-16
   endloop
 endfacet
 facet normal  0.0000000000e+00 1.0000000000e+00 0.0000000000e+00
   outer loop
     vertex 4.7668001788e-01 2.0000000000e+00 1.5972033522e-03
     vertex 4.9043339863e-01 2.0000000000e+00 6.6455359845e-04
     vertex 4.7668001788e-01 2.0000000000e+00 1.3604509087e-16
   endloop
 endfacet
 facet normal  0.0000000000e+00 1.0000000000e+00 0.0000000000e+00
   outer loop
     vertex 4.7668001788e-01 2.0000000000e+00 1.3604509087e-16
     vertex 4.9043339863e-01 2.0000000000e+00 6.6455359845e-04
     vertex 4.9043339863e-01 2.0000000000e+00 1.0076624525e-16
   endloop
 endfacet
 facet normal  0.0000000000e+00 1.0000000000e+00 0.0000000000e+00
   outer loop
     vertex 4.9043339863e-01 2.0000000000e+00 6.6455359845e-04
     vertex 5.0000000000e-01 2.0000000000e+00 0.0000000000e+00
     vertex 4.9043339863e-01 2.0000000000e+00 1.0076624525e-16
   endloop
 endfacet
 facet normal  1.3761027770e-01 0.0000000000e+00 -9.9048645194e-01
   outer loop
     vertex 5.0000000000e-01 0.0000000000e+00 0.0000000000e+00
     vertex 5.0000000000e-01 -4.0000000000e-01 0.0000000000e+00
     vertex 4.9043339863e-01 -4.0000000000e-01 -1.3291071969e-03
   endloop
 endfacet
 facet normal  1.3761027770e-01 0.0000000000e+00 -9.9048645194e-01
   outer loop
     vertex 5.0000000000e-01 0.0000000000e+00 0.0000000000e+00
     vertex 4.9043339863e-01 -4.0000000000e-01 -1.3291071969e-03
     vertex 4.9043339863e-01 0.0000000000e+00 -1.3291071969e-03
   endloop
 endfacet
 facet normal  1.3439440070e-01 0.0000000000e+00 -9.9092792122e-01
   outer loop
     vertex 4.9043339863e-01 0.0000000000e+00 -1.3291071969e-03
     vertex 4.9043339863e-01 -4.0000000000e-01 -1.3291071969e-03
     vertex 4.7668001788e-01 -4.0000000000e-01 -3.1944067044e-03
   endloop
 endfacet
 facet normal  1.3439440070e-01 0.0000000000e+00 -9.9092792122e-01
   outer loop
     vertex 4.9043339863e-01 0.0000000000e+00 -1.3291071969e-03
     vertex 4.7668001788e-01 -4.0000000000e-01 -3.1944067044e-03
     vertex 4.7668001788e-01 0.0000000000e+00 -3.1944067044e-03
   endloop
 endfacet
 facet normal  1.2994999072e-01 0.0000000000e+00 -9.9152054942e-01
   outer loop
     vertex 4.7668001788e-01 0.0000000000e+00 -3.1944067044e-03
     vertex 4.7668001788e-01 -4.0000000000e-01 -3.1944067044e-03
     vertex 4.5731408473e-01 -4.0000000000e-01 -5.7325314398e-03
   endloop
 endfacet
 facet normal  1.2994999072e-01 0.0000000000e+00 -9.9152054942e-01
   outer loop
     vertex 4.7668001788e-01 0.0000000000e+00 -3.1944067044e-03
     vertex 4.5731408473e-01 -4.0000000000e-01 -5.7325314398e-03
     vertex 4.5731408473e-01 0.0000000000e+00 -5.7325314398e-03
   endloop
 endfacet
 facet normal  1.2403339551e-01 0.0000000000e+00 -9.9227804410e-01
   outer loop
     vertex 4.5731408473e-01 0.0000000000e+00 -5.7325314398e-03
     vertex 4.5731408473e-01 -4.0000000000e-01 -5.7325314398e-03
     vertex 4.3082896133e-01 -4.0000000000e-01 -9.0431355647e-03
   endloop
 endfacet
 facet normal  1.2403339551e-01 0.0000000000e+00 -9.9227804410e-01
   outer loop
     vertex 4.5731408473e-01 0.0000000000e+00 -5.7325314398e-03
     vertex 4.3082896133e-01 -4.0000000000e-01 -9.0431355647e-03
     vertex 4.3082896133e-01 0.0000000000e+00 -9.0431355647e-03
   endloop
 endfacet
 facet normal  1.1633378193e-01 0.0000000000e+00 -9.9321017473e-01
   outer loop
     vertex 4.3082896133e-01 0.0000000000e+00 -9.0431355647e-03
     vertex 4.3082896133e-01 -4.0000000000e-01 -9.0431355647e-03
     vertex 3.9601714205e-01 -4.0000000000e-01 -1.3120611508e-02
   endloop
 endfacet
 facet normal  1.1633378193e-01 0.0000000000e+00 -9.9321017473e-01
   outer loop
     vertex 4.3082896133e-01 0.0000000000e+00 -9.0431355647e-03
     vertex 3.9601714205e-01 -4.0000000000e-01 -1.3120611508e-02
     vertex 3.9601714205e-01 0.0000000000e+00 -1.3120611508e-02
   endloop
 endfacet
 facet normal  1.0627101432e-01 0.0000000000e+00 -9.9433720212e-01
   outer loop
     vertex 3.9601714205e-01 0.0000000000e+00 -1.3120611508e-02
     vertex 3.9601714205e-01 -4.0000000000e-01 -1.3120611508e-02
     vertex 3.5257223469e-01 -4.0000000000e-01 -1.7763839542e-02
   endloop
 endfacet
 facet normal  1.0627101432e-01 0.0000000000e+00 -9.9433720212e-01
   outer loop
     vertex 3.9601714205e-01 0.0000000000e+00 -1.3120611508e-02
     vertex 3.5257223469e-01 -4.0000000000e-01 -1.7763839542e-02
     vertex 3.5257223469e-01 0.0000000000e+00 -1.7763839542e-02
   endloop
 endfacet
 facet normal  9.2885301566e-02 0.0000000000e+00 -9.9567681541e-01
   outer loop
     vertex 3.5257223469e-01 0.0000000000e+00 -1.7763839542e-02
     vertex 3.5257223469e-01 -4.0000000000e-01 -1.7763839542e-02
     vertex 3.0172720262e-01 -4.0000000000e-01 -2.2507101676e-02
   endloop
 endfacet
 facet normal  9.2885301566e-02 0.0000000000e+00 -9.9567681541e-01
   outer loop
     vertex 3.5257223469e-01 0.0000000000e+00 -1.7763839542e-02
     vertex 3.0172720262e-01 -4.0000000000e-01 -2.2507101676e-02
     vertex 3.0172720262e-01 0.0000000000e+00 -2.2507101676e-02
   endloop
 endfacet
 facet normal  7.4399363779e-02 0.0000000000e+00 -9.9722852680e-01
   outer loop
     vertex 3.0172720262e-01 0.0000000000e+00 -2.2507101676e-02
     vertex 3.0172720262e-01 -4.0000000000e-01 -2.2507101676e-02
     vertex 2.4650630310e-01 -4.0000000000e-01 -2.6626919432e-02
   endloop
 endfacet
 facet normal  7.4399363779e-02 5.1624929178e-18 -9.9722852680e-01
   outer loop
     vertex 3.0172720262e-01 0.0000000000e+00 -2.2507101676e-02
     vertex 2.4650630310e-01 -4.0000000000e-01 -2.6626919432e-02
     vertex 2.4650630310e-01 0.0000000000e+00 -2.6626919432e-02
   endloop
 endfacet
 facet normal  4.8455648455e-02 3.3622860367e-18 -9.9882533515e-01
   outer loop
     vertex 2.4650630310e-01 0.0000000000e+00 -2.6626919432e-02
     vertex 2.4650630310e-01 -4.0000000000e-01 -2.6626919432e-02
     vertex 1.9119794622e-01 0.0000000000e+00 -2.9310073536e-02
   endloop
 endfacet
 facet normal  4.8455648455e-02 0.0000000000e+00 -9.9882533515e-01
   outer loop
     vertex 2.4650630310e-01 -4.0000000000e-01 -2.6626919432e-02
     vertex 1.9119794622e-01 -4.0000000000e-01 -2.9310073536e-02
     vertex 1.9119794622e-01 0.0000000000e+00 -2.9310073536e-02
   endloop
 endfacet
 facet normal  1.2805392029e-02 0.0000000000e+00 -9.9991800761e-01
   outer loop
     vertex 1.9119794622e-01 0.0000000000e+00 -2.9310073536e-02
     vertex 1.9119794622e-01 -4.0000000000e-01 -2.9310073536e-02
     vertex 1.4013923911e-01 0.0000000000e+00 -2.9963953911e-02
   endloop
 endfacet
 facet normal  1.2805392029e-02 0.0000000000e+00 -9.9991800761e-01
   outer loop
     vertex 1.9119794622e-01 -4.0000000000e-01 -2.9310073536e-02
     vertex 1.4013923911e-01 -4.0000000000e-01 -2.9963953911e-02
     vertex 1.4013923911e-01 0.0000000000e+00 -2.9963953911e-02
   endloop
 endfacet
 facet normal  -3.4216953933e-02 0.0000000000e+00 -9.9941442858e-01
   outer loop
     vertex 1.4013923911e-01 0.0000000000e+00 -2.9963953911e-02
     vertex 1.4013923911e-01 -4.0000000000e-01 -2.9963953911e-02
     vertex 9.6477207371e-02 0.0000000000e+00 -2.8469096836e-02
   endloop
 endfacet
 facet normal  -3.4216953933e-02 0.0000000000e+00 -9.9941442858e-01
   outer loop
     vertex 1.4013923911e-01 -4.0000000000e-01 -2.9963953911e-02
     vertex 9.6477207371e-02 -4.0000000000e-01 -2.8469096836e-02
     vertex 9.6477207371e-02 0.0000000000e+00 -2.8469096836e-02
   endloop
 endfacet
 facet normal  -9.4624214898e-02 0.0000000000e+00 -9.9551306267e-01
   outer loop
     vertex 9.6477207371e-02 0.0000000000e+00 -2.8469096836e-02
     vertex 9.6477207371e-02 -4.0000000000e-01 -2.8469096836e-02
     vertex 6.1591102994e-02 0.0000000000e+00 -2.5153148145e-02
   endloop
 endfacet
 facet normal  -9.4624214898e-02 0.0000000000e+00 -9.9551306267e-01
   outer loop
     vertex 9.6477207371e-02 -4.0000000000e-01 -2.8469096836e-02
     vertex 6.1591102994e-02 -4.0000000000e-01 -2.5153148145e-02
     vertex 6.1591102994e-02 0.0000000000e+00 -2.5153148145e-02
   endloop
 endfacet
 facet normal  -1.7390258613e-01 0.0000000000e+00 -9.8476286005e-01
   outer loop
     vertex 6.1591102994e-02 0.0000000000e+00 -2.5153148145e-02
     vertex 6.1591102994e-02 -4.0000000000e-01 -2.5153148145e-02
     vertex 3.5315844343e-02 0.0000000000e+00 -2.0513111832e-02
   endloop
 endfacet
 facet normal  -1.7390258613e-01 0.0000000000e+00 -9.8476286005e-01
   outer loop
     vertex 6.1591102994e-02 -4.0000000000e-01 -2.5153148145e-02
     vertex 3.5315844343e-02 -4.0000000000e-01 -2.0513111832e-02
     vertex 3.5315844343e-02 0.0000000000e+00 -2.0513111832e-02
   endloop
 endfacet
 facet normal  -2.8796319051e-01 0.0000000000e+00 -9.5764147828e-01
   outer loop
     vertex 3.5315844343e-02 0.0000000000e+00 -2.0513111832e-02
     vertex 3.5315844343e-02 -4.0000000000e-01 -2.0513111832e-02
     vertex 1.6628583540e-02 0.0000000000e+00 -1.4893844742e-02
   endloop
 endfacet
 facet normal  -2.8796319051e-01 0.0000000000e+00 -9.5764147828e-01
   outer loop
     vertex 3.5315844343e-02 -4.0000000000e-01 -2.0513111832e-02
     vertex 1.6628583540e-02 -4.0000000000e-01 -1.4893844742e-02
     vertex 1.6628583540e-02 0.0000000000e+00 -1.4893844742e-02
   endloop
 endfacet
 facet normal  -4.8644732468e-01 0.0000000000e+00 -8.7370990627e-01
   outer loop
     vertex 1.6628583540e-02 0.0000000000e+00 -1.4893844742e-02
     vertex 1.6628583540e-02 -4.0000000000e-01 -1.4893844742e-02
     vertex 4.5527334264e-03 0.0000000000e+00 -8.1704861777e-03
   endloop
 endfacet
 facet normal  -4.8644732468e-01 0.0000000000e+00 -8.7370990627e-01
   outer loop
     vertex 1.6628583540e-02 -4.0000000000e-01 -1.4893844742e-02
     vertex 4.5527334264e-03 -4.0000000000e-01 -8.1704861777e-03
     vertex 4.5527334264e-03 0.0000000000e+00 -8.1704861777e-03
   endloop
 endfacet
 facet normal  -8.7354045498e-01 0.0000000000e+00 -4.8675155214e-01
   outer loop
     vertex 4.5527334264e-03 0.0000000000e+00 -8.1704861777e-03
     vertex 4.5527334264e-03 -4.0000000000e-01 -8.1704861777e-03
     vertex 0.0000000000e+00 0.0000000000e+00 0.0000000000e+00
   endloop
 endfacet
 facet normal  -8.7354045498e-01 0.0000000000e+00 -4.8675155214e-01
   outer loop
     vertex 4.5527334264e-03 -4.0000000000e-01 -8.1704861777e-03
     vertex 0.0000000000e+00 -4.0000000000e-01 0.0000000000e+00
     vertex 0.0000000000e+00 0.0000000000e+00 0.0000000000e+00
   endloop
 endfacet
 facet normal  -8.7354045498e-01 0.0000000000e+00 4.8675155214e-01
   outer loop
     vertex 0.0000000000e+00 0.0000000000e+00 0.0000000000e+00
     vertex 0.0000000000e+00 -4.0000000000e-01 0.0000000000e+00
     vertex 4.5527334264e-03 -4.0000000000e-01 8.1704861777e-03
   endloop
 endfacet
 facet normal  -8.7354045498e-01 0.0000000000e+00 4.8675155214e-01
   outer loop
     vertex 0.0000000000e+00 0.0000000000e+00 0.0000000000e+00
     vertex 4.5527334264e-03 -4.0000000000e-01 8.1704861777e-03
     vertex 4.5527334264e-03 0.0000000000e+00 8.1704861777e-03
   endloop
 endfacet
 facet normal  -4.8644732468e-01 0.0000000000e+00 8.7370990627e-01
   outer loop
     vertex 4.5527334264e-03 0.0000000000e+00 8.1704861777e-03
     vertex 4.5527334264e-03 -4.0000000000e-01 8.1704861777e-03
     vertex 1.6628583540e-02 -4.0000000000e-01 1.4893844742e-02
   endloop
 endfacet
 facet normal  -4.8644732468e-01 -3.7891127140e-18 8.7370990627e-01
   outer loop
     vertex 4.5527334264e-03 0.0000000000e+00 8.1704861777e-03
     vertex 1.6628583540e-02 -4.0000000000e-01 1.4893844742e-02
     vertex 1.6628583540e-02 0.0000000000e+00 1.4893844742e-02
   endloop
 endfacet
 facet normal  -2.8796319051e-01 -4.1531078848e-18 9.5764147828e-01
   outer loop
     vertex 1.6628583540e-02 0.0000000000e+00 1.4893844742e-02
     vertex 1.6628583540e-02 -4.0000000000e-01 1.4893844742e-02
     vertex 3.5315844343e-02 -4.0000000000e-01 2.0513111832e-02
   endloop
 endfacet
 facet normal  -2.8796319051e-01 0.0000000000e+00 9.5764147828e-01
   outer loop
     vertex 1.6628583540e-02 0.0000000000e+00 1.4893844742e-02
     vertex 3.5315844343e-02 -4.0000000000e-01 2.0513111832e-02
     vertex 3.5315844343e-02 0.0000000000e+00 2.0513111832e-02
   endloop
 endfacet
 facet normal  -1.7390258613e-01 0.0000000000e+00 9.8476286005e-01
   outer loop
     vertex 3.5315844343e-02 0.0000000000e+00 2.0513111832e-02
     vertex 3.5315844343e-02 -4.0000000000e-01 2.0513111832e-02
     vertex 6.1591102994e-02 -4.0000000000e-01 2.5153148145e-02
   endloop
 endfacet
 facet normal  -1.7390258613e-01 0.0000000000e+00 9.8476286005e-01
   outer loop
     vertex 3.5315844343e-02 0.0000000000e+00 2.0513111832e-02
     vertex 6.1591102994e-02 -4.0000000000e-01 2.5153148145e-02
     vertex 6.1591102994e-02 0.0000000000e+00 2.5153148145e-02
   endloop
 endfacet
 facet normal  -9.4624214898e-02 0.0000000000e+00 9.9551306267e-01
   outer loop
     vertex 6.1591102994e-02 0.0000000000e+00 2.5153148145e-02
     vertex 6.1591102994e-02 -4.0000000000e-01 2.5153148145e-02
     vertex 9.6477207371e-02 -4.0000000000e-01 2.8469096836e-02
   endloop
 endfacet
 facet normal  -9.4624214898e-02 0.0000000000e+00 9.9551306267e-01
   outer loop
     vertex 6.1591102994e-02 0.0000000000e+00 2.5153148145e-02
     vertex 9.6477207371e-02 -4.0000000000e-01 2.8469096836e-02
     vertex 9.6477207371e-02 0.0000000000e+00 2.8469096836e-02
   endloop
 endfacet
 facet normal  -3.4216953933e-02 0.0000000000e+00 9.9941442858e-01
   outer loop
     vertex 9.6477207371e-02 0.0000000000e+00 2.8469096836e-02
     vertex 9.6477207371e-02 -4.0000000000e-01 2.8469096836e-02
     vertex 1.4013923911e-01 -4.0000000000e-01 2.9963953911e-02
   endloop
 endfacet
 facet normal  -3.4216953933e-02 0.0000000000e+00 9.9941442858e-01
   outer loop
     vertex 9.6477207371e-02 0.0000000000e+00 2.8469096836e-02
     vertex 1.4013923911e-01 -4.0000000000e-01 2.9963953911e-02
     vertex 1.4013923911e-01 0.0000000000e+00 2.9963953911e-02
   endloop
 endfacet
 facet normal  1.2805392029e-02 -0.0000000000e+00 9.9991800761e-01
   outer loop
     vertex 1.4013923911e-01 0.0000000000e+00 2.9963953911e-02
     vertex 1.4013923911e-01 -4.0000000000e-01 2.9963953911e-02
     vertex 1.9119794622e-01 -4.0000000000e-01 2.9310073536e-02
   endloop
 endfacet
 facet normal  1.2805392029e-02 8.6729062092e-18 9.9991800761e-01
   outer loop
     vertex 1.4013923911e-01 0.0000000000e+00 2.9963953911e-02
     vertex 1.9119794622e-01 -4.0000000000e-01 2.9310073536e-02
     vertex 1.9119794622e-01 0.0000000000e+00 2.9310073536e-02
   endloop
 endfacet
 facet normal  4.8455648455e-02 8.6634287864e-18 9.9882533515e-01
   outer loop
     vertex 1.9119794622e-01 0.0000000000e+00 2.9310073536e-02
     vertex 1.9119794622e-01 -4.0000000000e-01 2.9310073536e-02
     vertex 2.4650630310e-01 -4.0000000000e-01 2.6626919432e-02
   endloop
 endfacet
 facet normal  4.8455648455e-02 -0.0000000000e+00 9.9882533515e-01
   outer loop
     vertex 1.9119794622e-01 0.0000000000e+00 2.9310073536e-02
     vertex 2.4650630310e-01 -4.0000000000e-01 2.6626919432e-02
     vertex 2.4650630310e-01 0.0000000000e+00 2.6626919432e-02
   endloop
 endfacet
 facet normal  7.4399363779e-02 -0.0000000000e+00 9.9722852680e-01
   outer loop
     vertex 2.4650630310e-01 0.0000000000e+00 2.6626919432e-02
     vertex 2.4650630310e-01 -4.0000000000e-01 2.6626919432e-02
     vertex 3.0172720262e-01 0.0000000000e+00 2.2507101676e-02
   endloop
 endfacet
 facet normal  7.4399363779e-02 -0.0000000000e+00 9.9722852680e-01
   outer loop
     vertex 2.4650630310e-01 -4.0000000000e-01 2.6626919432e-02
     vertex 3.0172720262e-01 -4.0000000000e-01 2.2507101676e-02
     vertex 3.0172720262e-01 0.0000000000e+00 2.2507101676e-02
   endloop
 endfacet
 facet normal  9.2885301566e-02 -0.0000000000e+00 9.9567681541e-01
   outer loop
     vertex 3.0172720262e-01 0.0000000000e+00 2.2507101676e-02
     vertex 3.0172720262e-01 -4.0000000000e-01 2.2507101676e-02
     vertex 3.5257223469e-01 0.0000000000e+00 1.7763839542e-02
   endloop
 endfacet
 facet normal  9.2885301566e-02 -0.0000000000e+00 9.9567681541e-01
   outer loop
     vertex 3.0172720262e-01 -4.0000000000e-01 2.2507101676e-02
     vertex 3.5257223469e-01 -4.0000000000e-01 1.7763839542e-02
     vertex 3.5257223469e-01 0.0000000000e+00 1.7763839542e-02
   endloop
 endfacet
 facet normal  1.0627101432e-01 -0.0000000000e+00 9.9433720212e-01
   outer loop
     vertex 3.5257223469e-01 0.0000000000e+00 1.7763839542e-02
     vertex 3.5257223469e-01 -4.0000000000e-01 1.7763839542e-02
     vertex 3.9601714205e-01 0.0000000000e+00 1.3120611508e-02
   endloop
 endfacet
 facet normal  1.0627101432e-01 -0.0000000000e+00 9.9433720212e-01
   outer loop
     vertex 3.5257223469e-01 -4.0000000000e-01 1.7763839542e-02
     vertex 3.9601714205e-01 -4.0000000000e-01 1.3120611508e-02
     vertex 3.9601714205e-01 0.0000000000e+00 1.3120611508e-02
   endloop
 endfacet
 facet normal  1.1633378193e-01 -0.0000000000e+00 9.9321017473e-01
   outer loop
     vertex 3.9601714205e-01 0.0000000000e+00 1.3120611508e-02
     vertex 3.9601714205e-01 -4.0000000000e-01 1.3120611508e-02
     vertex 4.3082896133e-01 0.0000000000e+00 9.0431355647e-03
   endloop
 endfacet
 facet normal  1.1633378193e-01 -0.0000000000e+00 9.9321017473e-01
   outer loop
     vertex 3.9601714205e-01 -4.0000000000e-01 1.3120611508e-02
     vertex 4.3082896133e-01 -4.0000000000e-01 9.0431355647e-03
     vertex 4.3082896133e-01 0.0000000000e+00 9.0431355647e-03
   endloop
 endfacet
 facet normal  1.2403339551e-01 -0.0000000000e+00 9.9227804410e-01
   outer loop
     vertex 4.3082896133e-01 0.0000000000e+00 9.0431355647e-03
     vertex 4.3082896133e-01 -4.0000000000e-01 9.0431355647e-03
     vertex 4.5731408473e-01 0.0000000000e+00 5.7325314398e-03
   endloop
 endfacet
 facet normal  1.2403339551e-01 1.7213091440e-17 9.9227804410e-01
   outer loop
     vertex 4.3082896133e-01 -4.0000000000e-01 9.0431355647e-03
     vertex 4.5731408473e-01 -4.0000000000e-01 5.7325314398e-03
     vertex 4.5731408473e-01 0.0000000000e+00 5.7325314398e-03
   endloop
 endfacet
 facet normal  1.2994999072e-01 1.8034183968e-17 9.9152054942e-01
   outer loop
     vertex 4.5731408473e-01 0.0000000000e+00 5.7325314398e-03
     vertex 4.5731408473e-01 -4.0000000000e-01 5.7325314398e-03
     vertex 4.7668001788e-01 0.0000000000e+00 3.1944067044e-03
   endloop
 endfacet
 facet normal  1.2994999072e-01 -1.8034183968e-17 9.9152054942e-01
   outer loop
     vertex 4.5731408473e-01 -4.0000000000e-01 5.7325314398e-03
     vertex 4.7668001788e-01 -4.0000000000e-01 3.1944067044e-03
     vertex 4.7668001788e-01 0.0000000000e+00 3.1944067044e-03
   endloop
 endfacet
 facet normal  1.3439440070e-01 -1.8650969754e-17 9.9092792122e-01
   outer loop
     vertex 4.7668001788e-01 0.0000000000e+00 3.1944067044e-03
     vertex 4.7668001788e-01 -4.0000000000e-01 3.1944067044e-03
     vertex 4.9043339863e-01 0.0000000000e+00 1.3291071969e-03
   endloop
 endfacet
 facet normal  1.3439440070e-01 -0.0000000000e+00 9.9092792122e-01
   outer loop
     vertex 4.7668001788e-01 -4.0000000000e-01 3.1944067044e-03
     vertex 4.9043339863e-01 -4.0000000000e-01 1.3291071969e-03
     vertex 4.9043339863e-01 0.0000000000e+00 1.3291071969e-03
   endloop
 endfacet
 facet normal  1.3761027770e-01 -0.0000000000e+00 9.9048645194e-01
   outer loop
     vertex 4.9043339863e-01 0.0000000000e+00 1.3291071969e-03
     vertex 4.9043339863e-01 -4.0000000000e-01 1.3291071969e-03
     vertex 5.0000000000e-01 0.0000000000e+00 0.0000000000e+00
   endloop
 endfacet
 facet normal  1.3761027770e-01 -0.0000000000e+00 9.9048645194e-01
   outer loop
     vertex 4.9043339863e-01 -4.0000000000e-01 1.3291071969e-03
     vertex 5.0000000000e-01 -4.0000000000e-01 0.0000000000e+00
     vertex 5.0000000000e-01 0.0000000000e+00 0.0000000000e+00
   endloop
 endfacet
 facet normal  1.3761027770e-01 0.0000000000e+00 -9.9048645194e-01
   outer loop
     vertex 5.0000000000e-01 -4.0000000000e-01 0.0000000000e+00
     vertex 5.0000000000e-01 -8.0000000000e-01 0.0000000000e+00
     vertex 4.9043339863e-01 -8.0000000000e-01 -1.3291071969e-03
   endloop
 endfacet
 facet normal  1.3761027770e-01 1.9097262340e-17 -9.9048645194e-01
   outer loop
     vertex 5.0000000000e-01 -4.0000000000e-01 0.0000000000e+00
     vertex 4.9043339863e-01 -8.0000000000e-01 -1.3291071969e-03
     vertex 4.9043339863e-01 -4.0000000000e-01 -1.3291071969e-03
   endloop
 endfacet
 facet normal  1.3439440070e-01 1.8650969754e-17 -9.9092792122e-01
   outer loop
     vertex 4.9043339863e-01 -4.0000000000e-01 -1.3291071969e-03
     vertex 4.9043339863e-01 -8.0000000000e-01 -1.3291071969e-03
     vertex 4.7668001788e-01 -8.0000000000e-01 -3.1944067044e-03
   endloop
 endfacet
 facet normal  1.3439440070e-01 0.0000000000e+00 -9.9092792122e-01
   outer loop
     vertex 4.9043339863e-01 -4.0000000000e-01 -1.3291071969e-03
     vertex 4.7668001788e-01 -8.0000000000e-01 -3.1944067044e-03
     vertex 4.7668001788e-01 -4.0000000000e-01 -3.1944067044e-03
   endloop
 endfacet
 facet normal  1.2994999072e-01 0.0000000000e+00 -9.9152054942e-01
   outer loop
     vertex 4.7668001788e-01 -4.0000000000e-01 -3.1944067044e-03
     vertex 4.7668001788e-01 -8.0000000000e-01 -3.1944067044e-03
     vertex 4.5731408473e-01 -8.0000000000e-01 -5.7325314398e-03
   endloop
 endfacet
 facet normal  1.2994999072e-01 1.8034183968e-17 -9.9152054942e-01
   outer loop
     vertex 4.7668001788e-01 -4.0000000000e-01 -3.1944067044e-03
     vertex 4.5731408473e-01 -8.0000000000e-01 -5.7325314398e-03
     vertex 4.5731408473e-01 -4.0000000000e-01 -5.7325314398e-03
   endloop
 endfacet
 facet normal  1.2403339551e-01 1.7213091440e-17 -9.9227804410e-01
   outer loop
     vertex 4.5731408473e-01 -4.0000000000e-01 -5.7325314398e-03
     vertex 4.5731408473e-01 -8.0000000000e-01 -5.7325314398e-03
     vertex 4.3082896133e-01 -8.0000000000e-01 -9.0431355647e-03
   endloop
 endfacet
 facet normal  1.2403339551e-01 -1.7213091440e-17 -9.9227804410e-01
   outer loop
     vertex 4.5731408473e-01 -4.0000000000e-01 -5.7325314398e-03
     vertex 4.3082896133e-01 -8.0000000000e-01 -9.0431355647e-03
     vertex 4.3082896133e-01 -4.0000000000e-01 -9.0431355647e-03
   endloop
 endfacet
 facet normal  1.1633378193e-01 -1.6144555405e-17 -9.9321017473e-01
   outer loop
     vertex 4.3082896133e-01 -4.0000000000e-01 -9.0431355647e-03
     vertex 4.3082896133e-01 -8.0000000000e-01 -9.0431355647e-03
     vertex 3.9601714205e-01 -8.0000000000e-01 -1.3120611508e-02
   endloop
 endfacet
 facet normal  1.1633378193e-01 0.0000000000e+00 -9.9321017473e-01
   outer loop
     vertex 4.3082896133e-01 -4.0000000000e-01 -9.0431355647e-03
     vertex 3.9601714205e-01 -8.0000000000e-01 -1.3120611508e-02
     vertex 3.9601714205e-01 -4.0000000000e-01 -1.3120611508e-02
   endloop
 endfacet
 facet normal  1.0627101432e-01 0.0000000000e+00 -9.9433720212e-01
   outer loop
     vertex 3.9601714205e-01 -4.0000000000e-01 -1.3120611508e-02
     vertex 3.9601714205e-01 -8.0000000000e-01 -1.3120611508e-02
     vertex 3.5257223469e-01 -8.0000000000e-01 -1.7763839542e-02
   endloop
 endfacet
 facet normal  1.0627101432e-01 0.0000000000e+00 -9.9433720212e-01
   outer loop
     vertex 3.9601714205e-01 -4.0000000000e-01 -1.3120611508e-02
     vertex 3.5257223469e-01 -8.0000000000e-01 -1.7763839542e-02
     vertex 3.5257223469e-01 -4.0000000000e-01 -1.7763839542e-02
   endloop
 endfacet
 facet normal  9.2885301566e-02 0.0000000000e+00 -9.9567681541e-01
   outer loop
     vertex 3.5257223469e-01 -4.0000000000e-01 -1.7763839542e-02
     vertex 3.5257223469e-01 -8.0000000000e-01 -1.7763839542e-02
     vertex 3.0172720262e-01 -8.0000000000e-01 -2.2507101676e-02
   endloop
 endfacet
 facet normal  9.2885301566e-02 0.0000000000e+00 -9.9567681541e-01
   outer loop
     vertex 3.5257223469e-01 -4.0000000000e-01 -1.7763839542e-02
     vertex 3.0172720262e-01 -8.0000000000e-01 -2.2507101676e-02
     vertex 3.0172720262e-01 -4.0000000000e-01 -2.2507101676e-02
   endloop
 endfacet
 facet normal  7.4399363779e-02 0.0000000000e+00 -9.9722852680e-01
   outer loop
     vertex 3.0172720262e-01 -4.0000000000e-01 -2.2507101676e-02
     vertex 3.0172720262e-01 -8.0000000000e-01 -2.2507101676e-02
     vertex 2.4650630310e-01 -8.0000000000e-01 -2.6626919432e-02
   endloop
 endfacet
 facet normal  7.4399363779e-02 -5.1624929178e-18 -9.9722852680e-01
   outer loop
     vertex 3.0172720262e-01 -4.0000000000e-01 -2.2507101676e-02
     vertex 2.4650630310e-01 -8.0000000000e-01 -2.6626919432e-02
     vertex 2.4650630310e-01 -4.0000000000e-01 -2.6626919432e-02
   endloop
 endfacet
 facet normal  4.8455648455e-02 -3.3622860367e-18 -9.9882533515e-01
   outer loop
     vertex 2.4650630310e-01 -4.0000000000e-01 -2.6626919432e-02
     vertex 2.4650630310e-01 -8.0000000000e-01 -2.6626919432e-02
     vertex 1.9119794622e-01 -4.0000000000e-01 -2.9310073536e-02
   endloop
 endfacet
 facet normal  4.8455648455e-02 8.6634287864e-18 -9.9882533515e-01
   outer loop
     vertex 2.4650630310e-01 -8.0000000000e-01 -2.6626919432e-02
     vertex 1.9119794622e-01 -8.0000000000e-01 -2.9310073536e-02
     vertex 1.9119794622e-01 -4.0000000000e-01 -2.9310073536e-02
   endloop
 endfacet
 facet normal  1.2805392029e-02 8.6729062092e-18 -9.9991800761e-01
   outer loop
     vertex 1.9119794622e-01 -4.0000000000e-01 -2.9310073536e-02
     vertex 1.9119794622e-01 -8.0000000000e-01 -2.9310073536e-02
     vertex 1.4013923911e-01 -4.0000000000e-01 -2.9963953911e-02
   endloop
 endfacet
 facet normal  1.2805392029e-02 0.0000000000e+00 -9.9991800761e-01
   outer loop
     vertex 1.9119794622e-01 -8.0000000000e-01 -2.9310073536e-02
     vertex 1.4013923911e-01 -8.0000000000e-01 -2.9963953911e-02
     vertex 1.4013923911e-01 -4.0000000000e-01 -2.9963953911e-02
   endloop
 endfacet
 facet normal  -3.4216953933e-02 0.0000000000e+00 -9.9941442858e-01
   outer loop
     vertex 1.4013923911e-01 -4.0000000000e-01 -2.9963953911e-02
     vertex 1.4013923911e-01 -8.0000000000e-01 -2.9963953911e-02
     vertex 9.6477207371e-02 -4.0000000000e-01 -2.8469096836e-02
   endloop
 endfacet
 facet normal  -3.4216953933e-02 0.0000000000e+00 -9.9941442858e-01
   outer loop
     vertex 1.4013923911e-01 -8.0000000000e-01 -2.9963953911e-02
     vertex 9.6477207371e-02 -8.0000000000e-01 -2.8469096836e-02
     vertex 9.6477207371e-02 -4.0000000000e-01 -2.8469096836e-02
   endloop
 endfacet
 facet normal  -9.4624214898e-02 0.0000000000e+00 -9.9551306267e-01
   outer loop
     vertex 9.6477207371e-02 -4.0000000000e-01 -2.8469096836e-02
     vertex 9.6477207371e-02 -8.0000000000e-01 -2.8469096836e-02
     vertex 6.1591102994e-02 -4.0000000000e-01 -2.5153148145e-02
   endloop
 endfacet
 facet normal  -9.4624214898e-02 0.0000000000e+00 -9.9551306267e-01
   outer loop
     vertex 9.6477207371e-02 -8.0000000000e-01 -2.8469096836e-02
     vertex 6.1591102994e-02 -8.0000000000e-01 -2.5153148145e-02
     vertex 6.1591102994e-02 -4.0000000000e-01 -2.5153148145e-02
   endloop
 endfacet
 facet normal  -1.7390258613e-01 0.0000000000e+00 -9.8476286005e-01
   outer loop
     vertex 6.1591102994e-02 -4.0000000000e-01 -2.5153148145e-02
     vertex 6.1591102994e-02 -8.0000000000e-01 -2.5153148145e-02
     vertex 3.5315844343e-02 -4.0000000000e-01 -2.0513111832e-02
   endloop
 endfacet
 facet normal  -1.7390258613e-01 0.0000000000e+00 -9.8476286005e-01
   outer loop
     vertex 6.1591102994e-02 -8.0000000000e-01 -2.5153148145e-02
     vertex 3.5315844343e-02 -8.0000000000e-01 -2.0513111832e-02
     vertex 3.5315844343e-02 -4.0000000000e-01 -2.0513111832e-02
   endloop
 endfacet
 facet normal  -2.8796319051e-01 0.0000000000e+00 -9.5764147828e-01
   outer loop
     vertex 3.5315844343e-02 -4.0000000000e-01 -2.0513111832e-02
     vertex 3.5315844343e-02 -8.0000000000e-01 -2.0513111832e-02
     vertex 1.6628583540e-02 -4.0000000000e-01 -1.4893844742e-02
   endloop
 endfacet
 facet normal  -2.8796319051e-01 0.0000000000e+00 -9.5764147828e-01
   outer loop
     vertex 3.5315844343e-02 -8.0000000000e-01 -2.0513111832e-02
     vertex 1.6628583540e-02 -8.0000000000e-01 -1.4893844742e-02
     vertex 1.6628583540e-02 -4.0000000000e-01 -1.4893844742e-02
   endloop
 endfacet
 facet normal  -4.8644732468e-01 0.0000000000e+00 -8.7370990627e-01
   outer loop
     vertex 1.6628583540e-02 -4.0000000000e-01 -1.4893844742e-02
     vertex 1.6628583540e-02 -8.0000000000e-01 -1.4893844742e-02
     vertex 4.5527334264e-03 -4.0000000000e-01 -8.1704861777e-03
   endloop
 endfacet
 facet normal  -4.8644732468e-01 0.0000000000e+00 -8.7370990627e-01
   outer loop
     vertex 1.6628583540e-02 -8.0000000000e-01 -1.4893844742e-02
     vertex 4.5527334264e-03 -8.0000000000e-01 -8.1704861777e-03
     vertex 4.5527334264e-03 -4.0000000000e-01 -8.1704861777e-03
   endloop
 endfacet
 facet normal  -8.7354045498e-01 0.0000000000e+00 -4.8675155214e-01
   outer loop
     vertex 4.5527334264e-03 -4.0000000000e-01 -8.1704861777e-03
     vertex 4.5527334264e-03 -8.0000000000e-01 -8.1704861777e-03
     vertex 0.0000000000e+00 -4.0000000000e-01 0.0000000000e+00
   endloop
 endfacet
 facet normal  -8.7354045498e-01 0.0000000000e+00 -4.8675155214e-01
   outer loop
     vertex 4.5527334264e-03 -8.0000000000e-01 -8.1704861777e-03
     vertex 0.0000000000e+00 -8.0000000000e-01 0.0000000000e+00
     vertex 0.0000000000e+00 -4.0000000000e-01 0.0000000000e+00
   endloop
 endfacet
 facet normal  -8.7354045498e-01 0.0000000000e+00 4.8675155214e-01
   outer loop
     vertex 0.0000000000e+00 -4.0000000000e-01 0.0000000000e+00
     vertex 0.0000000000e+00 -8.0000000000e-01 0.0000000000e+00
     vertex 4.5527334264e-03 -8.0000000000e-01 8.1704861777e-03
   endloop
 endfacet
 facet normal  -8.7354045498e-01 0.0000000000e+00 4.8675155214e-01
   outer loop
     vertex 0.0000000000e+00 -4.0000000000e-01 0.0000000000e+00
     vertex 4.5527334264e-03 -8.0000000000e-01 8.1704861777e-03
     vertex 4.5527334264e-03 -4.0000000000e-01 8.1704861777e-03
   endloop
 endfacet
 facet normal  -4.8644732468e-01 0.0000000000e+00 8.7370990627e-01
   outer loop
     vertex 4.5527334264e-03 -4.0000000000e-01 8.1704861777e-03
     vertex 4.5527334264e-03 -8.0000000000e-01 8.1704861777e-03
     vertex 1.6628583540e-02 -8.0000000000e-01 1.4893844742e-02
   endloop
 endfacet
 facet normal  -4.8644732468e-01 3.7891127140e-18 8.7370990627e-01
   outer loop
     vertex 4.5527334264e-03 -4.0000000000e-01 8.1704861777e-03
     vertex 1.6628583540e-02 -8.0000000000e-01 1.4893844742e-02
     vertex 1.6628583540e-02 -4.0000000000e-01 1.4893844742e-02
   endloop
 endfacet
 facet normal  -2.8796319051e-01 4.1531078848e-18 9.5764147828e-01
   outer loop
     vertex 1.6628583540e-02 -4.0000000000e-01 1.4893844742e-02
     vertex 1.6628583540e-02 -8.0000000000e-01 1.4893844742e-02
     vertex 3.5315844343e-02 -8.0000000000e-01 2.0513111832e-02
   endloop
 endfacet
 facet normal  -2.8796319051e-01 0.0000000000e+00 9.5764147828e-01
   outer loop
     vertex 1.6628583540e-02 -4.0000000000e-01 1.4893844742e-02
     vertex 3.5315844343e-02 -8.0000000000e-01 2.0513111832e-02
     vertex 3.5315844343e-02 -4.0000000000e-01 2.0513111832e-02
   endloop
 endfacet
 facet normal  -1.7390258613e-01 0.0000000000e+00 9.8476286005e-01
   outer loop
     vertex 3.5315844343e-02 -4.0000000000e-01 2.0513111832e-02
     vertex 3.5315844343e-02 -8.0000000000e-01 2.0513111832e-02
     vertex 6.1591102994e-02 -8.0000000000e-01 2.5153148145e-02
   endloop
 endfacet
 facet normal  -1.7390258613e-01 0.0000000000e+00 9.8476286005e-01
   outer loop
     vertex 3.5315844343e-02 -4.0000000000e-01 2.0513111832e-02
     vertex 6.1591102994e-02 -8.0000000000e-01 2.5153148145e-02
     vertex 6.1591102994e-02 -4.0000000000e-01 2.5153148145e-02
   endloop
 endfacet
 facet normal  -9.4624214898e-02 0.0000000000e+00 9.9551306267e-01
   outer loop
     vertex 6.1591102994e-02 -4.0000000000e-01 2.5153148145e-02
     vertex 6.1591102994e-02 -8.0000000000e-01 2.5153148145e-02
     vertex 9.6477207371e-02 -8.0000000000e-01 2.8469096836e-02
   endloop
 endfacet
 facet normal  -9.4624214898e-02 -8.6346994023e-18 9.9551306267e-01
   outer loop
     vertex 6.1591102994e-02 -4.0000000000e-01 2.5153148145e-02
     vertex 9.6477207371e-02 -8.0000000000e-01 2.8469096836e-02
     vertex 9.6477207371e-02 -4.0000000000e-01 2.8469096836e-02
   endloop
 endfacet
 facet normal  -3.4216953933e-02 -8.6685383575e-18 9.9941442858e-01
   outer loop
     vertex 9.6477207371e-02 -4.0000000000e-01 2.8469096836e-02
     vertex 9.6477207371e-02 -8.0000000000e-01 2.8469096836e-02
     vertex 1.4013923911e-01 -8.0000000000e-01 2.9963953911e-02
   endloop
 endfacet
 facet normal  -3.4216953933e-02 0.0000000000e+00 9.9941442858e-01
   outer loop
     vertex 9.6477207371e-02 -4.0000000000e-01 2.8469096836e-02
     vertex 1.4013923911e-01 -8.0000000000e-01 2.9963953911e-02
     vertex 1.4013923911e-01 -4.0000000000e-01 2.9963953911e-02
   endloop
 endfacet
 facet normal  1.2805392029e-02 -0.0000000000e+00 9.9991800761e-01
   outer loop
     vertex 1.4013923911e-01 -4.0000000000e-01 2.9963953911e-02
     vertex 1.4013923911e-01 -8.0000000000e-01 2.9963953911e-02
     vertex 1.9119794622e-01 -8.0000000000e-01 2.9310073536e-02
   endloop
 endfacet
 facet normal  1.2805392029e-02 -8.6729062092e-18 9.9991800761e-01
   outer loop
     vertex 1.4013923911e-01 -4.0000000000e-01 2.9963953911e-02
     vertex 1.9119794622e-01 -8.0000000000e-01 2.9310073536e-02
     vertex 1.9119794622e-01 -4.0000000000e-01 2.9310073536e-02
   endloop
 endfacet
 facet normal  4.8455648455e-02 -8.6634287864e-18 9.9882533515e-01
   outer loop
     vertex 1.9119794622e-01 -4.0000000000e-01 2.9310073536e-02
     vertex 1.9119794622e-01 -8.0000000000e-01 2.9310073536e-02
     vertex 2.4650630310e-01 -8.0000000000e-01 2.6626919432e-02
   endloop
 endfacet
 facet normal  4.8455648455e-02 -0.0000000000e+00 9.9882533515e-01
   outer loop
     vertex 1.9119794622e-01 -4.0000000000e-01 2.9310073536e-02
     vertex 2.4650630310e-01 -8.0000000000e-01 2.6626919432e-02
     vertex 2.4650630310e-01 -4.0000000000e-01 2.6626919432e-02
   endloop
 endfacet
 facet normal  7.4399363779e-02 -0.0000000000e+00 9.9722852680e-01
   outer loop
     vertex 2.4650630310e-01 -4.0000000000e-01 2.6626919432e-02
     vertex 2.4650630310e-01 -8.0000000000e-01 2.6626919432e-02
     vertex 3.0172720262e-01 -4.0000000000e-01 2.2507101676e-02
   endloop
 endfacet
 facet normal  7.4399363779e-02 -0.0000000000e+00 9.9722852680e-01
   outer loop
     vertex 2.4650630310e-01 -8.0000000000e-01 2.6626919432e-02
     vertex 3.0172720262e-01 -8.0000000000e-01 2.2507101676e-02
     vertex 3.0172720262e-01 -4.0000000000e-01 2.2507101676e-02
   endloop
 endfacet
 facet normal  9.2885301566e-02 -0.0000000000e+00 9.9567681541e-01
   outer loop
     vertex 3.0172720262e-01 -4.0000000000e-01 2.2507101676e-02
     vertex 3.0172720262e-01 -8.0000000000e-01 2.2507101676e-02
     vertex 3.5257223469e-01 -4.0000000000e-01 1.7763839542e-02
   endloop
 endfacet
 facet normal  9.2885301566e-02 -0.0000000000e+00 9.9567681541e-01
   outer loop
     vertex 3.0172720262e-01 -8.0000000000e-01 2.2507101676e-02
     vertex 3.5257223469e-01 -8.0000000000e-01 1.7763839542e-02
     vertex 3.5257223469e-01 -4.0000000000e-01 1.7763839542e-02
   endloop
 endfacet
 facet normal  1.0627101432e-01 -0.0000000000e+00 9.9433720212e-01
   outer loop
     vertex 3.5257223469e-01 -4.0000000000e-01 1.7763839542e-02
     vertex 3.5257223469e-01 -8.0000000000e-01 1.7763839542e-02
     vertex 3.9601714205e-01 -4.0000000000e-01 1.3120611508e-02
   endloop
 endfacet
 facet normal  1.0627101432e-01 -0.0000000000e+00 9.9433720212e-01
   outer loop
     vertex 3.5257223469e-01 -8.0000000000e-01 1.7763839542e-02
     vertex 3.9601714205e-01 -8.0000000000e-01 1.3120611508e-02
     vertex 3.9601714205e-01 -4.0000000000e-01 1.3120611508e-02
   endloop
 endfacet
 facet normal  1.1633378193e-01 -0.0000000000e+00 9.9321017473e-01
   outer loop
     vertex 3.9601714205e-01 -4.0000000000e-01 1.3120611508e-02
     vertex 3.9601714205e-01 -8.0000000000e-01 1.3120611508e-02
     vertex 4.3082896133e-01 -4.0000000000e-01 9.0431355647e-03
   endloop
 endfacet
 facet normal  1.1633378193e-01 -0.0000000000e+00 9.9321017473e-01
   outer loop
     vertex 3.9601714205e-01 -8.0000000000e-01 1.3120611508e-02
     vertex 4.3082896133e-01 -8.0000000000e-01 9.0431355647e-03
     vertex 4.3082896133e-01 -4.0000000000e-01 9.0431355647e-03
   endloop
 endfacet
 facet normal  1.2403339551e-01 -0.0000000000e+00 9.9227804410e-01
   outer loop
     vertex 4.3082896133e-01 -4.0000000000e-01 9.0431355647e-03
     vertex 4.3082896133e-01 -8.0000000000e-01 9.0431355647e-03
     vertex 4.5731408473e-01 -4.0000000000e-01 5.7325314398e-03
   endloop
 endfacet
 facet normal  1.2403339551e-01 -1.7213091440e-17 9.9227804410e-01
   outer loop
     vertex 4.3082896133e-01 -8.0000000000e-01 9.0431355647e-03
     vertex 4.5731408473e-01 -8.0000000000e-01 5.7325314398e-03
     vertex 4.5731408473e-01 -4.0000000000e-01 5.7325314398e-03
   endloop
 endfacet
 facet normal  1.2994999072e-01 -1.8034183968e-17 9.9152054942e-01
   outer loop
     vertex 4.5731408473e-01 -4.0000000000e-01 5.7325314398e-03
     vertex 4.5731408473e-01 -8.0000000000e-01 5.7325314398e-03
     vertex 4.7668001788e-01 -4.0000000000e-01 3.1944067044e-03
   endloop
 endfacet
 facet normal  1.2994999072e-01 1.8034183968e-17 9.9152054942e-01
   outer loop
     vertex 4.5731408473e-01 -8.0000000000e-01 5.7325314398e-03
     vertex 4.7668001788e-01 -8.0000000000e-01 3.1944067044e-03
     vertex 4.7668001788e-01 -4.0000000000e-01 3.1944067044e-03
   endloop
 endfacet
 facet normal  1.3439440070e-01 1.8650969754e-17 9.9092792122e-01
   outer loop
     vertex 4.7668001788e-01 -4.0000000000e-01 3.1944067044e-03
     vertex 4.7668001788e-01 -8.0000000000e-01 3.1944067044e-03
     vertex 4.9043339863e-01 -4.0000000000e-01 1.3291071969e-03
   endloop
 endfacet
 facet normal  1.3439440070e-01 -0.0000000000e+00 9.9092792122e-01
   outer loop
     vertex 4.7668001788e-01 -8.0000000000e-01 3.1944067044e-03
     vertex 4.9043339863e-01 -8.0000000000e-01 1.3291071969e-03
     vertex 4.9043339863e-01 -4.0000000000e-01 1.3291071969e-03
   endloop
 endfacet
 facet normal  1.3761027770e-01 -0.0000000000e+00 9.9048645194e-01
   outer loop
     vertex 4.9043339863e-01 -4.0000000000e-01 1.3291071969e-03
     vertex 4.9043339863e-01 -8.0000000000e-01 1.3291071969e-03
     vertex 5.0000000000e-01 -4.0000000000e-01 0.0000000000e+00
   endloop
 endfacet
 facet normal  1.3761027770e-01 -0.0000000000e+00 9.9048645194e-01
   outer loop
     vertex 4.9043339863e-01 -8.0000000000e-01 1.3291071969e-03
     vertex 5.0000000000e-01 -8.0000000000e-01 0.0000000000e+00
     vertex 5.0000000000e-01 -4.0000000000e-01 0.0000000000e+00
   endloop
 endfacet
 facet normal  1.3761027770e-01 0.0000000000e+00 -9.9048645194e-01
   outer loop
     vertex 5.0000000000e-01 -8.0000000000e-01 0.0000000000e+00
     vertex 5.0000000000e-01 -1.2000000000e+00 0.0000000000e+00
     vertex 4.9043339863e-01 -1.2000000000e+00 -1.3291071969e-03
   endloop
 endfacet
 facet normal  1.3761027770e-01 0.0000000000e+00 -9.9048645194e-01
   outer loop
     vertex 5.0000000000e-01 -8.0000000000e-01 0.0000000000e+00
     vertex 4.9043339863e-01 -1.2000000000e+00 -1.3291071969e-03
     vertex 4.9043339863e-01 -8.0000000000e-01 -1.3291071969e-03
   endloop
 endfacet
 facet normal  1.3439440070e-01 0.0000000000e+00 -9.9092792122e-01
   outer loop
     vertex 4.9043339863e-01 -8.0000000000e-01 -1.3291071969e-03
     vertex 4.9043339863e-01 -1.2000000000e+00 -1.3291071969e-03
     vertex 4.7668001788e-01 -1.2000000000e+00 -3.1944067044e-03
   endloop
 endfacet
 facet normal  1.3439440070e-01 0.0000000000e+00 -9.9092792122e-01
   outer loop
     vertex 4.9043339863e-01 -8.0000000000e-01 -1.3291071969e-03
     vertex 4.7668001788e-01 -1.2000000000e+00 -3.1944067044e-03
     vertex 4.7668001788e-01 -8.0000000000e-01 -3.1944067044e-03
   endloop
 endfacet
 facet normal  1.2994999072e-01 0.0000000000e+00 -9.9152054942e-01
   outer loop
     vertex 4.7668001788e-01 -8.0000000000e-01 -3.1944067044e-03
     vertex 4.7668001788e-01 -1.2000000000e+00 -3.1944067044e-03
     vertex 4.5731408473e-01 -1.2000000000e+00 -5.7325314398e-03
   endloop
 endfacet
 facet normal  1.2994999072e-01 0.0000000000e+00 -9.9152054942e-01
   outer loop
     vertex 4.7668001788e-01 -8.0000000000e-01 -3.1944067044e-03
     vertex 4.5731408473e-01 -1.2000000000e+00 -5.7325314398e-03
     vertex 4.5731408473e-01 -8.0000000000e-01 -5.7325314398e-03
   endloop
 endfacet
 facet normal  1.2403339551e-01 0.0000000000e+00 -9.9227804410e-01
   outer loop
     vertex 4.5731408473e-01 -8.0000000000e-01 -5.7325314398e-03
     vertex 4.5731408473e-01 -1.2000000000e+00 -5.7325314398e-03
     vertex 4.3082896133e-01 -1.2000000000e+00 -9.0431355647e-03
   endloop
 endfacet
 facet normal  1.2403339551e-01 0.0000000000e+00 -9.9227804410e-01
   outer loop
     vertex 4.5731408473e-01 -8.0000000000e-01 -5.7325314398e-03
     vertex 4.3082896133e-01 -1.2000000000e+00 -9.0431355647e-03
     vertex 4.3082896133e-01 -8.0000000000e-01 -9.0431355647e-03
   endloop
 endfacet
 facet normal  1.1633378193e-01 0.0000000000e+00 -9.9321017473e-01
   outer loop
     vertex 4.3082896133e-01 -8.0000000000e-01 -9.0431355647e-03
     vertex 4.3082896133e-01 -1.2000000000e+00 -9.0431355647e-03
     vertex 3.9601714205e-01 -1.2000000000e+00 -1.3120611508e-02
   endloop
 endfacet
 facet normal  1.1633378193e-01 0.0000000000e+00 -9.9321017473e-01
   outer loop
     vertex 4.3082896133e-01 -8.0000000000e-01 -9.0431355647e-03
     vertex 3.9601714205e-01 -1.2000000000e+00 -1.3120611508e-02
     vertex 3.9601714205e-01 -8.0000000000e-01 -1.3120611508e-02
   endloop
 endfacet
 facet normal  1.0627101432e-01 0.0000000000e+00 -9.9433720212e-01
   outer loop
     vertex 3.9601714205e-01 -8.0000000000e-01 -1.3120611508e-02
     vertex 3.9601714205e-01 -1.2000000000e+00 -1.3120611508e-02
     vertex 3.5257223469e-01 -1.2000000000e+00 -1.7763839542e-02
   endloop
 endfacet
 facet normal  1.0627101432e-01 0.0000000000e+00 -9.9433720212e-01
   outer loop
     vertex 3.9601714205e-01 -8.0000000000e-01 -1.3120611508e-02
     vertex 3.5257223469e-01 -1.2000000000e+00 -1.7763839542e-02
     vertex 3.5257223469e-01 -8.0000000000e-01 -1.7763839542e-02
   endloop
 endfacet
 facet normal  9.2885301566e-02 0.0000000000e+00 -9.9567681541e-01
   outer loop
     vertex 3.5257223469e-01 -8.0000000000e-01 -1.7763839542e-02
     vertex 3.5257223469e-01 -1.2000000000e+00 -1.7763839542e-02
     vertex 3.0172720262e-01 -1.2000000000e+00 -2.2507101676e-02
   endloop
 endfacet
 facet normal  9.2885301566e-02 0.0000000000e+00 -9.9567681541e-01
   outer loop
     vertex 3.5257223469e-01 -8.0000000000e-01 -1.7763839542e-02
     vertex 3.0172720262e-01 -1.2000000000e+00 -2.2507101676e-02
     vertex 3.0172720262e-01 -8.0000000000e-01 -2.2507101676e-02
   endloop
 endfacet
 facet normal  7.4399363779e-02 0.0000000000e+00 -9.9722852680e-01
   outer loop
     vertex 3.0172720262e-01 -8.0000000000e-01 -2.2507101676e-02
     vertex 3.0172720262e-01 -1.2000000000e+00 -2.2507101676e-02
     vertex 2.4650630310e-01 -1.2000000000e+00 -2.6626919432e-02
   endloop
 endfacet
 facet normal  7.4399363779e-02 0.0000000000e+00 -9.9722852680e-01
   outer loop
     vertex 3.0172720262e-01 -8.0000000000e-01 -2.2507101676e-02
     vertex 2.4650630310e-01 -1.2000000000e+00 -2.6626919432e-02
     vertex 2.4650630310e-01 -8.0000000000e-01 -2.6626919432e-02
   endloop
 endfacet
 facet normal  4.8455648455e-02 0.0000000000e+00 -9.9882533515e-01
   outer loop
     vertex 2.4650630310e-01 -8.0000000000e-01 -2.6626919432e-02
     vertex 2.4650630310e-01 -1.2000000000e+00 -2.6626919432e-02
     vertex 1.9119794622e-01 -8.0000000000e-01 -2.9310073536e-02
   endloop
 endfacet
 facet normal  4.8455648455e-02 0.0000000000e+00 -9.9882533515e-01
   outer loop
     vertex 2.4650630310e-01 -1.2000000000e+00 -2.6626919432e-02
     vertex 1.9119794622e-01 -1.2000000000e+00 -2.9310073536e-02
     vertex 1.9119794622e-01 -8.0000000000e-01 -2.9310073536e-02
   endloop
 endfacet
 facet normal  1.2805392029e-02 0.0000000000e+00 -9.9991800761e-01
   outer loop
     vertex 1.9119794622e-01 -8.0000000000e-01 -2.9310073536e-02
     vertex 1.9119794622e-01 -1.2000000000e+00 -2.9310073536e-02
     vertex 1.4013923911e-01 -8.0000000000e-01 -2.9963953911e-02
   endloop
 endfacet
 facet normal  1.2805392029e-02 0.0000000000e+00 -9.9991800761e-01
   outer loop
     vertex 1.9119794622e-01 -1.2000000000e+00 -2.9310073536e-02
     vertex 1.4013923911e-01 -1.2000000000e+00 -2.9963953911e-02
     vertex 1.4013923911e-01 -8.0000000000e-01 -2.9963953911e-02
   endloop
 endfacet
 facet normal  -3.4216953933e-02 0.0000000000e+00 -9.9941442858e-01
   outer loop
     vertex 1.4013923911e-01 -8.0000000000e-01 -2.9963953911e-02
     vertex 1.4013923911e-01 -1.2000000000e+00 -2.9963953911e-02
     vertex 9.6477207371e-02 -8.0000000000e-01 -2.8469096836e-02
   endloop
 endfacet
 facet normal  -3.4216953933e-02 0.0000000000e+00 -9.9941442858e-01
   outer loop
     vertex 1.4013923911e-01 -1.2000000000e+00 -2.9963953911e-02
     vertex 9.6477207371e-02 -1.2000000000e+00 -2.8469096836e-02
     vertex 9.6477207371e-02 -8.0000000000e-01 -2.8469096836e-02
   endloop
 endfacet
 facet normal  -9.4624214898e-02 0.0000000000e+00 -9.9551306267e-01
   outer loop
     vertex 9.6477207371e-02 -8.0000000000e-01 -2.8469096836e-02
     vertex 9.6477207371e-02 -1.2000000000e+00 -2.8469096836e-02
     vertex 6.1591102994e-02 -8.0000000000e-01 -2.5153148145e-02
   endloop
 endfacet
 facet normal  -9.4624214898e-02 0.0000000000e+00 -9.9551306267e-01
   outer loop
     vertex 9.6477207371e-02 -1.2000000000e+00 -2.8469096836e-02
     vertex 6.1591102994e-02 -1.2000000000e+00 -2.5153148145e-02
     vertex 6.1591102994e-02 -8.0000000000e-01 -2.5153148145e-02
   endloop
 endfacet
 facet normal  -1.7390258613e-01 0.0000000000e+00 -9.8476286005e-01
   outer loop
     vertex 6.1591102994e-02 -8.0000000000e-01 -2.5153148145e-02
     vertex 6.1591102994e-02 -1.2000000000e+00 -2.5153148145e-02
     vertex 3.5315844343e-02 -8.0000000000e-01 -2.0513111832e-02
   endloop
 endfacet
 facet normal  -1.7390258613e-01 0.0000000000e+00 -9.8476286005e-01
   outer loop
     vertex 6.1591102994e-02 -1.2000000000e+00 -2.5153148145e-02
     vertex 3.5315844343e-02 -1.2000000000e+00 -2.0513111832e-02
     vertex 3.5315844343e-02 -8.0000000000e-01 -2.0513111832e-02
   endloop
 endfacet
 facet normal  -2.8796319051e-01 0.0000000000e+00 -9.5764147828e-01
   outer loop
     vertex 3.5315844343e-02 -8.0000000000e-01 -2.0513111832e-02
     vertex 3.5315844343e-02 -1.2000000000e+00 -2.0513111832e-02
     vertex 1.6628583540e-02 -8.0000000000e-01 -1.4893844742e-02
   endloop
 endfacet
 facet normal  -2.8796319051e-01 0.0000000000e+00 -9.5764147828e-01
   outer loop
     vertex 3.5315844343e-02 -1.2000000000e+00 -2.0513111832e-02
     vertex 1.6628583540e-02 -1.2000000000e+00 -1.4893844742e-02
     vertex 1.6628583540e-02 -8.0000000000e-01 -1.4893844742e-02
   endloop
 endfacet
 facet normal  -4.8644732468e-01 0.0000000000e+00 -8.7370990627e-01
   outer loop
     vertex 1.6628583540e-02 -8.0000000000e-01 -1.4893844742e-02
     vertex 1.6628583540e-02 -1.2000000000e+00 -1.4893844742e-02
     vertex 4.5527334264e-03 -8.0000000000e-01 -8.1704861777e-03
   endloop
 endfacet
 facet normal  -4.8644732468e-01 0.0000000000e+00 -8.7370990627e-01
   outer loop
     vertex 1.6628583540e-02 -1.2000000000e+00 -1.4893844742e-02
     vertex 4.5527334264e-03 -1.2000000000e+00 -8.1704861777e-03
     vertex 4.5527334264e-03 -8.0000000000e-01 -8.1704861777e-03
   endloop
 endfacet
 facet normal  -8.7354045498e-01 0.0000000000e+00 -4.8675155214e-01
   outer loop
     vertex 4.5527334264e-03 -8.0000000000e-01 -8.1704861777e-03
     vertex 4.5527334264e-03 -1.2000000000e+00 -8.1704861777e-03
     vertex 0.0000000000e+00 -8.0000000000e-01 0.0000000000e+00
   endloop
 endfacet
 facet normal  -8.7354045498e-01 0.0000000000e+00 -4.8675155214e-01
   outer loop
     vertex 4.5527334264e-03 -1.2000000000e+00 -8.1704861777e-03
     vertex 0.0000000000e+00 -1.2000000000e+00 0.0000000000e+00
     vertex 0.0000000000e+00 -8.0000000000e-01 0.0000000000e+00
   endloop
 endfacet
 facet normal  -8.7354045498e-01 0.0000000000e+00 4.8675155214e-01
   outer loop
     vertex 0.0000000000e+00 -8.0000000000e-01 0.0000000000e+00
     vertex 0.0000000000e+00 -1.2000000000e+00 0.0000000000e+00
     vertex 4.5527334264e-03 -1.2000000000e+00 8.1704861777e-03
   endloop
 endfacet
 facet normal  -8.7354045498e-01 0.0000000000e+00 4.8675155214e-01
   outer loop
     vertex 0.0000000000e+00 -8.0000000000e-01 0.0000000000e+00
     vertex 4.5527334264e-03 -1.2000000000e+00 8.1704861777e-03
     vertex 4.5527334264e-03 -8.0000000000e-01 8.1704861777e-03
   endloop
 endfacet
 facet normal  -4.8644732468e-01 0.0000000000e+00 8.7370990627e-01
   outer loop
     vertex 4.5527334264e-03 -8.0000000000e-01 8.1704861777e-03
     vertex 4.5527334264e-03 -1.2000000000e+00 8.1704861777e-03
     vertex 1.6628583540e-02 -1.2000000000e+00 1.4893844742e-02
   endloop
 endfacet
 facet normal  -4.8644732468e-01 0.0000000000e+00 8.7370990627e-01
   outer loop
     vertex 4.5527334264e-03 -8.0000000000e-01 8.1704861777e-03
     vertex 1.6628583540e-02 -1.2000000000e+00 1.4893844742e-02
     vertex 1.6628583540e-02 -8.0000000000e-01 1.4893844742e-02
   endloop
 endfacet
 facet normal  -2.8796319051e-01 0.0000000000e+00 9.5764147828e-01
   outer loop
     vertex 1.6628583540e-02 -8.0000000000e-01 1.4893844742e-02
     vertex 1.6628583540e-02 -1.2000000000e+00 1.4893844742e-02
     vertex 3.5315844343e-02 -1.2000000000e+00 2.0513111832e-02
   endloop
 endfacet
 facet normal  -2.8796319051e-01 0.0000000000e+00 9.5764147828e-01
   outer loop
     vertex 1.6628583540e-02 -8.0000000000e-01 1.4893844742e-02
     vertex 3.5315844343e-02 -1.2000000000e+00 2.0513111832e-02
     vertex 3.5315844343e-02 -8.0000000000e-01 2.0513111832e-02
   endloop
 endfacet
 facet normal  -1.7390258613e-01 0.0000000000e+00 9.8476286005e-01
   outer loop
     vertex 3.5315844343e-02 -8.0000000000e-01 2.0513111832e-02
     vertex 3.5315844343e-02 -1.2000000000e+00 2.0513111832e-02
     vertex 6.1591102994e-02 -1.2000000000e+00 2.5153148145e-02
   endloop
 endfacet
 facet normal  -1.7390258613e-01 0.0000000000e+00 9.8476286005e-01
   outer loop
     vertex 3.5315844343e-02 -8.0000000000e-01 2.0513111832e-02
     vertex 6.1591102994e-02 -1.2000000000e+00 2.5153148145e-02
     vertex 6.1591102994e-02 -8.0000000000e-01 2.5153148145e-02
   endloop
 endfacet
 facet normal  -9.4624214898e-02 0.0000000000e+00 9.9551306267e-01
   outer loop
     vertex 6.1591102994e-02 -8.0000000000e-01 2.5153148145e-02
     vertex 6.1591102994e-02 -1.2000000000e+00 2.5153148145e-02
     vertex 9.6477207371e-02 -1.2000000000e+00 2.8469096836e-02
   endloop
 endfacet
 facet normal  -9.4624214898e-02 0.0000000000e+00 9.9551306267e-01
   outer loop
     vertex 6.1591102994e-02 -8.0000000000e-01 2.5153148145e-02
     vertex 9.6477207371e-02 -1.2000000000e+00 2.8469096836e-02
     vertex 9.6477207371e-02 -8.0000000000e-01 2.8469096836e-02
   endloop
 endfacet
 facet normal  -3.4216953933e-02 0.0000000000e+00 9.9941442858e-01
   outer loop
     vertex 9.6477207371e-02 -8.0000000000e-01 2.8469096836e-02
     vertex 9.6477207371e-02 -1.2000000000e+00 2.8469096836e-02
     vertex 1.4013923911e-01 -1.2000000000e+00 2.9963953911e-02
   endloop
 endfacet
 facet normal  -3.4216953933e-02 0.0000000000e+00 9.9941442858e-01
   outer loop
     vertex 9.6477207371e-02 -8.0000000000e-01 2.8469096836e-02
     vertex 1.4013923911e-01 -1.2000000000e+00 2.9963953911e-02
     vertex 1.4013923911e-01 -8.0000000000e-01 2.9963953911e-02
   endloop
 endfacet
 facet normal  1.2805392029e-02 -0.0000000000e+00 9.9991800761e-01
   outer loop
     vertex 1.4013923911e-01 -8.0000000000e-01 2.9963953911e-02
     vertex 1.4013923911e-01 -1.2000000000e+00 2.9963953911e-02
     vertex 1.9119794622e-01 -1.2000000000e+00 2.9310073536e-02
   endloop
 endfacet
 facet normal  1.2805392029e-02 -0.0000000000e+00 9.9991800761e-01
   outer loop
     vertex 1.4013923911e-01 -8.0000000000e-01 2.9963953911e-02
     vertex 1.9119794622e-01 -1.2000000000e+00 2.9310073536e-02
     vertex 1.9119794622e-01 -8.0000000000e-01 2.9310073536e-02
   endloop
 endfacet
 facet normal  4.8455648455e-02 -0.0000000000e+00 9.9882533515e-01
   outer loop
     vertex 1.9119794622e-01 -8.0000000000e-01 2.9310073536e-02
     vertex 1.9119794622e-01 -1.2000000000e+00 2.9310073536e-02
     vertex 2.4650630310e-01 -1.2000000000e+00 2.6626919432e-02
   endloop
 endfacet
 facet normal  4.8455648455e-02 -0.0000000000e+00 9.9882533515e-01
   outer loop
     vertex 1.9119794622e-01 -8.0000000000e-01 2.9310073536e-02
     vertex 2.4650630310e-01 -1.2000000000e+00 2.6626919432e-02
     vertex 2.4650630310e-01 -8.0000000000e-01 2.6626919432e-02
   endloop
 endfacet
 facet normal  7.4399363779e-02 -0.0000000000e+00 9.9722852680e-01
   outer loop
     vertex 2.4650630310e-01 -8.0000000000e-01 2.6626919432e-02
     vertex 2.4650630310e-01 -1.2000000000e+00 2.6626919432e-02
     vertex 3.0172720262e-01 -8.0000000000e-01 2.2507101676e-02
   endloop
 endfacet
 facet normal  7.4399363779e-02 -0.0000000000e+00 9.9722852680e-01
   outer loop
     vertex 2.4650630310e-01 -1.2000000000e+00 2.6626919432e-02
     vertex 3.0172720262e-01 -1.2000000000e+00 2.2507101676e-02
     vertex 3.0172720262e-01 -8.0000000000e-01 2.2507101676e-02
   endloop
 endfacet
 facet normal  9.2885301566e-02 -0.0000000000e+00 9.9567681541e-01
   outer loop
     vertex 3.0172720262e-01 -8.0000000000e-01 2.2507101676e-02
     vertex 3.0172720262e-01 -1.2000000000e+00 2.2507101676e-02
     vertex 3.5257223469e-01 -8.0000000000e-01 1.7763839542e-02
   endloop
 endfacet
 facet normal  9.2885301566e-02 -0.0000000000e+00 9.9567681541e-01
   outer loop
     vertex 3.0172720262e-01 -1.2000000000e+00 2.2507101676e-02
     vertex 3.5257223469e-01 -1.2000000000e+00 1.7763839542e-02
     vertex 3.5257223469e-01 -8.0000000000e-01 1.7763839542e-02
   endloop
 endfacet
 facet normal  1.0627101432e-01 -0.0000000000e+00 9.9433720212e-01
   outer loop
     vertex 3.5257223469e-01 -8.0000000000e-01 1.7763839542e-02
     vertex 3.5257223469e-01 -1.2000000000e+00 1.7763839542e-02
     vertex 3.9601714205e-01 -8.0000000000e-01 1.3120611508e-02
   endloop
 endfacet
 facet normal  1.0627101432e-01 -0.0000000000e+00 9.9433720212e-01
   outer loop
     vertex 3.5257223469e-01 -1.2000000000e+00 1.7763839542e-02
     vertex 3.9601714205e-01 -1.2000000000e+00 1.3120611508e-02
     vertex 3.9601714205e-01 -8.0000000000e-01 1.3120611508e-02
   endloop
 endfacet
 facet normal  1.1633378193e-01 -0.0000000000e+00 9.9321017473e-01
   outer loop
     vertex 3.9601714205e-01 -8.0000000000e-01 1.3120611508e-02
     vertex 3.9601714205e-01 -1.2000000000e+00 1.3120611508e-02
     vertex 4.3082896133e-01 -8.0000000000e-01 9.0431355647e-03
   endloop
 endfacet
 facet normal  1.1633378193e-01 -0.0000000000e+00 9.9321017473e-01
   outer loop
     vertex 3.9601714205e-01 -1.2000000000e+00 1.3120611508e-02
     vertex 4.3082896133e-01 -1.2000000000e+00 9.0431355647e-03
     vertex 4.3082896133e-01 -8.0000000000e-01 9.0431355647e-03
   endloop
 endfacet
 facet normal  1.2403339551e-01 -0.0000000000e+00 9.9227804410e-01
   outer loop
     vertex 4.3082896133e-01 -8.0000000000e-01 9.0431355647e-03
     vertex 4.3082896133e-01 -1.2000000000e+00 9.0431355647e-03
     vertex 4.5731408473e-01 -8.0000000000e-01 5.7325314398e-03
   endloop
 endfacet
 facet normal  1.2403339551e-01 -0.0000000000e+00 9.9227804410e-01
   outer loop
     vertex 4.3082896133e-01 -1.2000000000e+00 9.0431355647e-03
     vertex 4.5731408473e-01 -1.2000000000e+00 5.7325314398e-03
     vertex 4.5731408473e-01 -8.0000000000e-01 5.7325314398e-03
   endloop
 endfacet
 facet normal  1.2994999072e-01 -0.0000000000e+00 9.9152054942e-01
   outer loop
     vertex 4.5731408473e-01 -8.0000000000e-01 5.7325314398e-03
     vertex 4.5731408473e-01 -1.2000000000e+00 5.7325314398e-03
     vertex 4.7668001788e-01 -8.0000000000e-01 3.1944067044e-03
   endloop
 endfacet
 facet normal  1.2994999072e-01 -0.0000000000e+00 9.9152054942e-01
   outer loop
     vertex 4.5731408473e-01 -1.2000000000e+00 5.7325314398e-03
     vertex 4.7668001788e-01 -1.2000000000e+00 3.1944067044e-03
     vertex 4.7668001788e-01 -8.0000000000e-01 3.1944067044e-03
   endloop
 endfacet
 facet normal  1.3439440070e-01 -0.0000000000e+00 9.9092792122e-01
   outer loop
     vertex 4.7668001788e-01 -8.0000000000e-01 3.1944067044e-03
     vertex 4.7668001788e-01 -1.2000000000e+00 3.1944067044e-03
     vertex 4.9043339863e-01 -8.0000000000e-01 1.3291071969e-03
   endloop
 endfacet
 facet normal  1.3439440070e-01 -0.0000000000e+00 9.9092792122e-01
   outer loop
     vertex 4.7668001788e-01 -1.2000000000e+00 3.1944067044e-03
     vertex 4.9043339863e-01 -1.2000000000e+00 1.3291071969e-03
     vertex 4.9043339863e-01 -8.0000000000e-01 1.3291071969e-03
   endloop
 endfacet
 facet normal  1.3761027770e-01 -0.0000000000e+00 9.9048645194e-01
   outer loop
     vertex 4.9043339863e-01 -8.0000000000e-01 1.3291071969e-03
     vertex 4.9043339863e-01 -1.2000000000e+00 1.3291071969e-03
     vertex 5.0000000000e-01 -8.0000000000e-01 0.0000000000e+00
   endloop
 endfacet
 facet normal  1.3761027770e-01 -0.0000000000e+00 9.9048645194e-01
   outer loop
     vertex 4.9043339863e-01 -1.2000000000e+00 1.3291071969e-03
     vertex 5.0000000000e-01 -1.2000000000e+00 0.0000000000e+00
     vertex 5.0000000000e-01 -8.0000000000e-01 0.0000000000e+00
   endloop
 endfacet
 facet normal  1.3761027770e-01 0.0000000000e+00 -9.9048645194e-01
   outer loop
     vertex 5.0000000000e-01 -1.2000000000e+00 0.0000000000e+00
     vertex 5.0000000000e-01 -1.6000000000e+00 0.0000000000e+00
     vertex 4.9043339863e-01 -1.6000000000e+00 -1.3291071969e-03
   endloop
 endfacet
 facet normal  1.3761027770e-01 -1.9097262340e-17 -9.9048645194e-01
   outer loop
     vertex 5.0000000000e-01 -1.2000000000e+00 0.0000000000e+00
     vertex 4.9043339863e-01 -1.6000000000e+00 -1.3291071969e-03
     vertex 4.9043339863e-01 -1.2000000000e+00 -1.3291071969e-03
   endloop
 endfacet
 facet normal  1.3439440070e-01 -1.8650969754e-17 -9.9092792122e-01
   outer loop
     vertex 4.9043339863e-01 -1.2000000000e+00 -1.3291071969e-03
     vertex 4.9043339863e-01 -1.6000000000e+00 -1.3291071969e-03
     vertex 4.7668001788e-01 -1.6000000000e+00 -3.1944067044e-03
   endloop
 endfacet
 facet normal  1.3439440070e-01 0.0000000000e+00 -9.9092792122e-01
   outer loop
     vertex 4.9043339863e-01 -1.2000000000e+00 -1.3291071969e-03
     vertex 4.7668001788e-01 -1.6000000000e+00 -3.1944067044e-03
     vertex 4.7668001788e-01 -1.2000000000e+00 -3.1944067044e-03
   endloop
 endfacet
 facet normal  1.2994999072e-01 0.0000000000e+00 -9.9152054942e-01
   outer loop
     vertex 4.7668001788e-01 -1.2000000000e+00 -3.1944067044e-03
     vertex 4.7668001788e-01 -1.6000000000e+00 -3.1944067044e-03
     vertex 4.5731408473e-01 -1.6000000000e+00 -5.7325314398e-03
   endloop
 endfacet
 facet normal  1.2994999072e-01 -1.8034183968e-17 -9.9152054942e-01
   outer loop
     vertex 4.7668001788e-01 -1.2000000000e+00 -3.1944067044e-03
     vertex 4.5731408473e-01 -1.6000000000e+00 -5.7325314398e-03
     vertex 4.5731408473e-01 -1.2000000000e+00 -5.7325314398e-03
   endloop
 endfacet
 facet normal  1.2403339551e-01 -1.7213091440e-17 -9.9227804410e-01
   outer loop
     vertex 4.5731408473e-01 -1.2000000000e+00 -5.7325314398e-03
     vertex 4.5731408473e-01 -1.6000000000e+00 -5.7325314398e-03
     vertex 4.3082896133e-01 -1.6000000000e+00 -9.0431355647e-03
   endloop
 endfacet
 facet normal  1.2403339551e-01 1.7213091440e-17 -9.9227804410e-01
   outer loop
     vertex 4.5731408473e-01 -1.2000000000e+00 -5.7325314398e-03
     vertex 4.3082896133e-01 -1.6000000000e+00 -9.0431355647e-03
     vertex 4.3082896133e-01 -1.2000000000e+00 -9.0431355647e-03
   endloop
 endfacet
 facet normal  1.1633378193e-01 1.6144555405e-17 -9.9321017473e-01
   outer loop
     vertex 4.3082896133e-01 -1.2000000000e+00 -9.0431355647e-03
     vertex 4.3082896133e-01 -1.6000000000e+00 -9.0431355647e-03
     vertex 3.9601714205e-01 -1.6000000000e+00 -1.3120611508e-02
   endloop
 endfacet
 facet normal  1.1633378193e-01 0.0000000000e+00 -9.9321017473e-01
   outer loop
     vertex 4.3082896133e-01 -1.2000000000e+00 -9.0431355647e-03
     vertex 3.9601714205e-01 -1.6000000000e+00 -1.3120611508e-02
     vertex 3.9601714205e-01 -1.2000000000e+00 -1.3120611508e-02
   endloop
 endfacet
 facet normal  1.0627101432e-01 0.0000000000e+00 -9.9433720212e-01
   outer loop
     vertex 3.9601714205e-01 -1.2000000000e+00 -1.3120611508e-02
     vertex 3.9601714205e-01 -1.6000000000e+00 -1.3120611508e-02
     vertex 3.5257223469e-01 -1.6000000000e+00 -1.7763839542e-02
   endloop
 endfacet
 facet normal  1.0627101432e-01 0.0000000000e+00 -9.9433720212e-01
   outer loop
     vertex 3.9601714205e-01 -1.2000000000e+00 -1.3120611508e-02
     vertex 3.5257223469e-01 -1.6000000000e+00 -1.7763839542e-02
     vertex 3.5257223469e-01 -1.2000000000e+00 -1.7763839542e-02
   endloop
 endfacet
 facet normal  9.2885301566e-02 0.0000000000e+00 -9.9567681541e-01
   outer loop
     vertex 3.5257223469e-01 -1.2000000000e+00 -1.7763839542e-02
     vertex 3.5257223469e-01 -1.6000000000e+00 -1.7763839542e-02
     vertex 3.0172720262e-01 -1.6000000000e+00 -2.2507101676e-02
   endloop
 endfacet
 facet normal  9.2885301566e-02 0.0000000000e+00 -9.9567681541e-01
   outer loop
     vertex 3.5257223469e-01 -1.2000000000e+00 -1.7763839542e-02
     vertex 3.0172720262e-01 -1.6000000000e+00 -2.2507101676e-02
     vertex 3.0172720262e-01 -1.2000000000e+00 -2.2507101676e-02
   endloop
 endfacet
 facet normal  7.4399363779e-02 0.0000000000e+00 -9.9722852680e-01
   outer loop
     vertex 3.0172720262e-01 -1.2000000000e+00 -2.2507101676e-02
     vertex 3.0172720262e-01 -1.6000000000e+00 -2.2507101676e-02
     vertex 2.4650630310e-01 -1.6000000000e+00 -2.6626919432e-02
   endloop
 endfacet
 facet normal  7.4399363779e-02 5.1624929178e-18 -9.9722852680e-01
   outer loop
     vertex 3.0172720262e-01 -1.2000000000e+00 -2.2507101676e-02
     vertex 2.4650630310e-01 -1.6000000000e+00 -2.6626919432e-02
     vertex 2.4650630310e-01 -1.2000000000e+00 -2.6626919432e-02
   endloop
 endfacet
 facet normal  4.8455648455e-02 3.3622860367e-18 -9.9882533515e-01
   outer loop
     vertex 2.4650630310e-01 -1.2000000000e+00 -2.6626919432e-02
     vertex 2.4650630310e-01 -1.6000000000e+00 -2.6626919432e-02
     vertex 1.9119794622e-01 -1.2000000000e+00 -2.9310073536e-02
   endloop
 endfacet
 facet normal  4.8455648455e-02 -8.6634287864e-18 -9.9882533515e-01
   outer loop
     vertex 2.4650630310e-01 -1.6000000000e+00 -2.6626919432e-02
     vertex 1.9119794622e-01 -1.6000000000e+00 -2.9310073536e-02
     vertex 1.9119794622e-01 -1.2000000000e+00 -2.9310073536e-02
   endloop
 endfacet
 facet normal  1.2805392029e-02 -8.6729062092e-18 -9.9991800761e-01
   outer loop
     vertex 1.9119794622e-01 -1.2000000000e+00 -2.9310073536e-02
     vertex 1.9119794622e-01 -1.6000000000e+00 -2.9310073536e-02
     vertex 1.4013923911e-01 -1.2000000000e+00 -2.9963953911e-02
   endloop
 endfacet
 facet normal  1.2805392029e-02 0.0000000000e+00 -9.9991800761e-01
   outer loop
     vertex 1.9119794622e-01 -1.6000000000e+00 -2.9310073536e-02
     vertex 1.4013923911e-01 -1.6000000000e+00 -2.9963953911e-02
     vertex 1.4013923911e-01 -1.2000000000e+00 -2.9963953911e-02
   endloop
 endfacet
 facet normal  -3.4216953933e-02 0.0000000000e+00 -9.9941442858e-01
   outer loop
     vertex 1.4013923911e-01 -1.2000000000e+00 -2.9963953911e-02
     vertex 1.4013923911e-01 -1.6000000000e+00 -2.9963953911e-02
     vertex 9.6477207371e-02 -1.2000000000e+00 -2.8469096836e-02
   endloop
 endfacet
 facet normal  -3.4216953933e-02 0.0000000000e+00 -9.9941442858e-01
   outer loop
     vertex 1.4013923911e-01 -1.6000000000e+00 -2.9963953911e-02
     vertex 9.6477207371e-02 -1.6000000000e+00 -2.8469096836e-02
     vertex 9.6477207371e-02 -1.2000000000e+00 -2.8469096836e-02
   endloop
 endfacet
 facet normal  -9.4624214898e-02 0.0000000000e+00 -9.9551306267e-01
   outer loop
     vertex 9.6477207371e-02 -1.2000000000e+00 -2.8469096836e-02
     vertex 9.6477207371e-02 -1.6000000000e+00 -2.8469096836e-02
     vertex 6.1591102994e-02 -1.2000000000e+00 -2.5153148145e-02
   endloop
 endfacet
 facet normal  -9.4624214898e-02 0.0000000000e+00 -9.9551306267e-01
   outer loop
     vertex 9.6477207371e-02 -1.6000000000e+00 -2.8469096836e-02
     vertex 6.1591102994e-02 -1.6000000000e+00 -2.5153148145e-02
     vertex 6.1591102994e-02 -1.2000000000e+00 -2.5153148145e-02
   endloop
 endfacet
 facet normal  -1.7390258613e-01 0.0000000000e+00 -9.8476286005e-01
   outer loop
     vertex 6.1591102994e-02 -1.2000000000e+00 -2.5153148145e-02
     vertex 6.1591102994e-02 -1.6000000000e+00 -2.5153148145e-02
     vertex 3.5315844343e-02 -1.2000000000e+00 -2.0513111832e-02
   endloop
 endfacet
 facet normal  -1.7390258613e-01 0.0000000000e+00 -9.8476286005e-01
   outer loop
     vertex 6.1591102994e-02 -1.6000000000e+00 -2.5153148145e-02
     vertex 3.5315844343e-02 -1.6000000000e+00 -2.0513111832e-02
     vertex 3.5315844343e-02 -1.2000000000e+00 -2.0513111832e-02
   endloop
 endfacet
 facet normal  -2.8796319051e-01 0.0000000000e+00 -9.5764147828e-01
   outer loop
     vertex 3.5315844343e-02 -1.2000000000e+00 -2.0513111832e-02
     vertex 3.5315844343e-02 -1.6000000000e+00 -2.0513111832e-02
     vertex 1.6628583540e-02 -1.2000000000e+00 -1.4893844742e-02
   endloop
 endfacet
 facet normal  -2.8796319051e-01 0.0000000000e+00 -9.5764147828e-01
   outer loop
     vertex 3.5315844343e-02 -1.6000000000e+00 -2.0513111832e-02
     vertex 1.6628583540e-02 -1.6000000000e+00 -1.4893844742e-02
     vertex 1.6628583540e-02 -1.2000000000e+00 -1.4893844742e-02
   endloop
 endfacet
 facet normal  -4.8644732468e-01 0.0000000000e+00 -8.7370990627e-01
   outer loop
     vertex 1.6628583540e-02 -1.2000000000e+00 -1.4893844742e-02
     vertex 1.6628583540e-02 -1.6000000000e+00 -1.4893844742e-02
     vertex 4.5527334264e-03 -1.2000000000e+00 -8.1704861777e-03
   endloop
 endfacet
 facet normal  -4.8644732468e-01 0.0000000000e+00 -8.7370990627e-01
   outer loop
     vertex 1.6628583540e-02 -1.6000000000e+00 -1.4893844742e-02
     vertex 4.5527334264e-03 -1.6000000000e+00 -8.1704861777e-03
     vertex 4.5527334264e-03 -1.2000000000e+00 -8.1704861777e-03
   endloop
 endfacet
 facet normal  -8.7354045498e-01 0.0000000000e+00 -4.8675155214e-01
   outer loop
     vertex 4.5527334264e-03 -1.2000000000e+00 -8.1704861777e-03
     vertex 4.5527334264e-03 -1.6000000000e+00 -8.1704861777e-03
     vertex 0.0000000000e+00 -1.2000000000e+00 0.0000000000e+00
   endloop
 endfacet
 facet normal  -8.7354045498e-01 0.0000000000e+00 -4.8675155214e-01
   outer loop
     vertex 4.5527334264e-03 -1.6000000000e+00 -8.1704861777e-03
     vertex 0.0000000000e+00 -1.6000000000e+00 0.0000000000e+00
     vertex 0.0000000000e+00 -1.2000000000e+00 0.0000000000e+00
   endloop
 endfacet
 facet normal  -8.7354045498e-01 0.0000000000e+00 4.8675155214e-01
   outer loop
     vertex 0.0000000000e+00 -1.2000000000e+00 0.0000000000e+00
     vertex 0.0000000000e+00 -1.6000000000e+00 0.0000000000e+00
     vertex 4.5527334264e-03 -1.6000000000e+00 8.1704861777e-03
   endloop
 endfacet
 facet normal  -8.7354045498e-01 0.0000000000e+00 4.8675155214e-01
   outer loop
     vertex 0.0000000000e+00 -1.2000000000e+00 0.0000000000e+00
     vertex 4.5527334264e-03 -1.6000000000e+00 8.1704861777e-03
     vertex 4.5527334264e-03 -1.2000000000e+00 8.1704861777e-03
   endloop
 endfacet
 facet normal  -4.8644732468e-01 0.0000000000e+00 8.7370990627e-01
   outer loop
     vertex 4.5527334264e-03 -1.2000000000e+00 8.1704861777e-03
     vertex 4.5527334264e-03 -1.6000000000e+00 8.1704861777e-03
     vertex 1.6628583540e-02 -1.6000000000e+00 1.4893844742e-02
   endloop
 endfacet
 facet normal  -4.8644732468e-01 -3.7891127140e-18 8.7370990627e-01
   outer loop
     vertex 4.5527334264e-03 -1.2000000000e+00 8.1704861777e-03
     vertex 1.6628583540e-02 -1.6000000000e+00 1.4893844742e-02
     vertex 1.6628583540e-02 -1.2000000000e+00 1.4893844742e-02
   endloop
 endfacet
 facet normal  -2.8796319051e-01 -4.1531078848e-18 9.5764147828e-01
   outer loop
     vertex 1.6628583540e-02 -1.2000000000e+00 1.4893844742e-02
     vertex 1.6628583540e-02 -1.6000000000e+00 1.4893844742e-02
     vertex 3.5315844343e-02 -1.6000000000e+00 2.0513111832e-02
   endloop
 endfacet
 facet normal  -2.8796319051e-01 0.0000000000e+00 9.5764147828e-01
   outer loop
     vertex 1.6628583540e-02 -1.2000000000e+00 1.4893844742e-02
     vertex 3.5315844343e-02 -1.6000000000e+00 2.0513111832e-02
     vertex 3.5315844343e-02 -1.2000000000e+00 2.0513111832e-02
   endloop
 endfacet
 facet normal  -1.7390258613e-01 0.0000000000e+00 9.8476286005e-01
   outer loop
     vertex 3.5315844343e-02 -1.2000000000e+00 2.0513111832e-02
     vertex 3.5315844343e-02 -1.6000000000e+00 2.0513111832e-02
     vertex 6.1591102994e-02 -1.6000000000e+00 2.5153148145e-02
   endloop
 endfacet
 facet normal  -1.7390258613e-01 0.0000000000e+00 9.8476286005e-01
   outer loop
     vertex 3.5315844343e-02 -1.2000000000e+00 2.0513111832e-02
     vertex 6.1591102994e-02 -1.6000000000e+00 2.5153148145e-02
     vertex 6.1591102994e-02 -1.2000000000e+00 2.5153148145e-02
   endloop
 endfacet
 facet normal  -9.4624214898e-02 0.0000000000e+00 9.9551306267e-01
   outer loop
     vertex 6.1591102994e-02 -1.2000000000e+00 2.5153148145e-02
     vertex 6.1591102994e-02 -1.6000000000e+00 2.5153148145e-02
     vertex 9.6477207371e-02 -1.6000000000e+00 2.8469096836e-02
   endloop
 endfacet
 facet normal  -9.4624214898e-02 8.6346994023e-18 9.9551306267e-01
   outer loop
     vertex 6.1591102994e-02 -1.2000000000e+00 2.5153148145e-02
     vertex 9.6477207371e-02 -1.6000000000e+00 2.8469096836e-02
     vertex 9.6477207371e-02 -1.2000000000e+00 2.8469096836e-02
   endloop
 endfacet
 facet normal  -3.4216953933e-02 8.6685383575e-18 9.9941442858e-01
   outer loop
     vertex 9.6477207371e-02 -1.2000000000e+00 2.8469096836e-02
     vertex 9.6477207371e-02 -1.6000000000e+00 2.8469096836e-02
     vertex 1.4013923911e-01 -1.6000000000e+00 2.9963953911e-02
   endloop
 endfacet
 facet normal  -3.4216953933e-02 0.0000000000e+00 9.9941442858e-01
   outer loop
     vertex 9.6477207371e-02 -1.2000000000e+00 2.8469096836e-02
     vertex 1.4013923911e-01 -1.6000000000e+00 2.9963953911e-02
     vertex 1.4013923911e-01 -1.2000000000e+00 2.9963953911e-02
   endloop
 endfacet
 facet normal  1.2805392029e-02 -0.0000000000e+00 9.9991800761e-01
   outer loop
     vertex 1.4013923911e-01 -1.2000000000e+00 2.9963953911e-02
     vertex 1.4013923911e-01 -1.6000000000e+00 2.9963953911e-02
     vertex 1.9119794622e-01 -1.6000000000e+00 2.9310073536e-02
   endloop
 endfacet
 facet normal  1.2805392029e-02 8.6729062092e-18 9.9991800761e-01
   outer loop
     vertex 1.4013923911e-01 -1.2000000000e+00 2.9963953911e-02
     vertex 1.9119794622e-01 -1.6000000000e+00 2.9310073536e-02
     vertex 1.9119794622e-01 -1.2000000000e+00 2.9310073536e-02
   endloop
 endfacet
 facet normal  4.8455648455e-02 8.6634287864e-18 9.9882533515e-01
   outer loop
     vertex 1.9119794622e-01 -1.2000000000e+00 2.9310073536e-02
     vertex 1.9119794622e-01 -1.6000000000e+00 2.9310073536e-02
     vertex 2.4650630310e-01 -1.6000000000e+00 2.6626919432e-02
   endloop
 endfacet
 facet normal  4.8455648455e-02 -0.0000000000e+00 9.9882533515e-01
   outer loop
     vertex 1.9119794622e-01 -1.2000000000e+00 2.9310073536e-02
     vertex 2.4650630310e-01 -1.6000000000e+00 2.6626919432e-02
     vertex 2.4650630310e-01 -1.2000000000e+00 2.6626919432e-02
   endloop
 endfacet
 facet normal  7.4399363779e-02 -0.0000000000e+00 9.9722852680e-01
   outer loop
     vertex 2.4650630310e-01 -1.2000000000e+00 2.6626919432e-02
     vertex 2.4650630310e-01 -1.6000000000e+00 2.6626919432e-02
     vertex 3.0172720262e-01 -1.2000000000e+00 2.2507101676e-02
   endloop
 endfacet
 facet normal  7.4399363779e-02 -0.0000000000e+00 9.9722852680e-01
   outer loop
     vertex 2.4650630310e-01 -1.6000000000e+00 2.6626919432e-02
     vertex 3.0172720262e-01 -1.6000000000e+00 2.2507101676e-02
     vertex 3.0172720262e-01 -1.2000000000e+00 2.2507101676e-02
   endloop
 endfacet
 facet normal  9.2885301566e-02 -0.0000000000e+00 9.9567681541e-01
   outer loop
     vertex 3.0172720262e-01 -1.2000000000e+00 2.2507101676e-02
     vertex 3.0172720262e-01 -1.6000000000e+00 2.2507101676e-02
     vertex 3.5257223469e-01 -1.2000000000e+00 1.7763839542e-02
   endloop
 endfacet
 facet normal  9.2885301566e-02 -0.0000000000e+00 9.9567681541e-01
   outer loop
     vertex 3.0172720262e-01 -1.6000000000e+00 2.2507101676e-02
     vertex 3.5257223469e-01 -1.6000000000e+00 1.7763839542e-02
     vertex 3.5257223469e-01 -1.2000000000e+00 1.7763839542e-02
   endloop
 endfacet
 facet normal  1.0627101432e-01 -0.0000000000e+00 9.9433720212e-01
   outer loop
     vertex 3.5257223469e-01 -1.2000000000e+00 1.7763839542e-02
     vertex 3.5257223469e-01 -1.6000000000e+00 1.7763839542e-02
     vertex 3.9601714205e-01 -1.2000000000e+00 1.3120611508e-02
   endloop
 endfacet
 facet normal  1.0627101432e-01 -0.0000000000e+00 9.9433720212e-01
   outer loop
     vertex 3.5257223469e-01 -1.6000000000e+00 1.7763839542e-02
     vertex 3.9601714205e-01 -1.6000000000e+00 1.3120611508e-02
     vertex 3.9601714205e-01 -1.2000000000e+00 1.3120611508e-02
   endloop
 endfacet
 facet normal  1.1633378193e-01 -0.0000000000e+00 9.9321017473e-01
   outer loop
     vertex 3.9601714205e-01 -1.2000000000e+00 1.3120611508e-02
     vertex 3.9601714205e-01 -1.6000000000e+00 1.3120611508e-02
     vertex 4.3082896133e-01 -1.2000000000e+00 9.0431355647e-03
   endloop
 endfacet
 facet normal  1.1633378193e-01 -0.0000000000e+00 9.9321017473e-01
   outer loop
     vertex 3.9601714205e-01 -1.6000000000e+00 1.3120611508e-02
     vertex 4.3082896133e-01 -1.6000000000e+00 9.0431355647e-03
     vertex 4.3082896133e-01 -1.2000000000e+00 9.0431355647e-03
   endloop
 endfacet
 facet normal  1.2403339551e-01 -0.0000000000e+00 9.9227804410e-01
   outer loop
     vertex 4.3082896133e-01 -1.2000000000e+00 9.0431355647e-03
     vertex 4.3082896133e-01 -1.6000000000e+00 9.0431355647e-03
     vertex 4.5731408473e-01 -1.2000000000e+00 5.7325314398e-03
   endloop
 endfacet
 facet normal  1.2403339551e-01 1.7213091440e-17 9.9227804410e-01
   outer loop
     vertex 4.3082896133e-01 -1.6000000000e+00 9.0431355647e-03
     vertex 4.5731408473e-01 -1.6000000000e+00 5.7325314398e-03
     vertex 4.5731408473e-01 -1.2000000000e+00 5.7325314398e-03
   endloop
 endfacet
 facet normal  1.2994999072e-01 1.8034183968e-17 9.9152054942e-01
   outer loop
     vertex 4.5731408473e-01 -1.2000000000e+00 5.7325314398e-03
     vertex 4.5731408473e-01 -1.6000000000e+00 5.7325314398e-03
     vertex 4.7668001788e-01 -1.2000000000e+00 3.1944067044e-03
   endloop
 endfacet
 facet normal  1.2994999072e-01 -1.8034183968e-17 9.9152054942e-01
   outer loop
     vertex 4.5731408473e-01 -1.6000000000e+00 5.7325314398e-03
     vertex 4.7668001788e-01 -1.6000000000e+00 3.1944067044e-03
     vertex 4.7668001788e-01 -1.2000000000e+00 3.1944067044e-03
   endloop
 endfacet
 facet normal  1.3439440070e-01 -1.8650969754e-17 9.9092792122e-01
   outer loop
     vertex 4.7668001788e-01 -1.2000000000e+00 3.1944067044e-03
     vertex 4.7668001788e-01 -1.6000000000e+00 3.1944067044e-03
     vertex 4.9043339863e-01 -1.2000000000e+00 1.3291071969e-03
   endloop
 endfacet
 facet normal  1.3439440070e-01 -0.0000000000e+00 9.9092792122e-01
   outer loop
     vertex 4.7668001788e-01 -1.6000000000e+00 3.1944067044e-03
     vertex 4.9043339863e-01 -1.6000000000e+00 1.3291071969e-03
     vertex 4.9043339863e-01 -1.2000000000e+00 1.3291071969e-03
   endloop
 endfacet
 facet normal  1.3761027770e-01 -0.0000000000e+00 9.9048645194e-01
   outer loop
     vertex 4.9043339863e-01 -1.2000000000e+00 1.3291071969e-03
     vertex 4.9043339863e-01 -1.6000000000e+00 1.3291071969e-03
     vertex 5.0000000000e-01 -1.2000000000e+00 0.0000000000e+00
   endloop
 endfacet
 facet normal  1.3761027770e-01 -0.0000000000e+00 9.9048645194e-01
   outer loop
     vertex 4.9043339863e-01 -1.6000000000e+00 1.3291071969e-03
     vertex 5.0000000000e-01 -1.6000000000e+00 0.0000000000e+00
     vertex 5.0000000000e-01 -1.2000000000e+00 0.0000000000e+00
   endloop
 endfacet
 facet normal  1.3761027770e-01 0.0000000000e+00 -9.9048645194e-01
   outer loop
     vertex 5.0000000000e-01 -1.6000000000e+00 0.0000000000e+00
     vertex 5.0000000000e-01 -2.0000000000e+00 0.0000000000e+00
     vertex 4.9043339863e-01 -2.0000000000e+00 -1.3291071969e-03
   endloop
 endfacet
 facet normal  1.3761027770e-01 0.0000000000e+00 -9.9048645194e-01
   outer loop
     vertex 5.0000000000e-01 -1.6000000000e+00 0.0000000000e+00
     vertex 4.9043339863e-01 -2.0000000000e+00 -1.3291071969e-03
     vertex 4.9043339863e-01 -1.6000000000e+00 -1.3291071969e-03
   endloop
 endfacet
 facet normal  1.3439440070e-01 0.0000000000e+00 -9.9092792122e-01
   outer loop
     vertex 4.9043339863e-01 -1.6000000000e+00 -1.3291071969e-03
     vertex 4.9043339863e-01 -2.0000000000e+00 -1.3291071969e-03
     vertex 4.7668001788e-01 -2.0000000000e+00 -3.1944067044e-03
   endloop
 endfacet
 facet normal  1.3439440070e-01 0.0000000000e+00 -9.9092792122e-01
   outer loop
     vertex 4.9043339863e-01 -1.6000000000e+00 -1.3291071969e-03
     vertex 4.7668001788e-01 -2.0000000000e+00 -3.1944067044e-03
     vertex 4.7668001788e-01 -1.6000000000e+00 -3.1944067044e-03
   endloop
 endfacet
 facet normal  1.2994999072e-01 0.0000000000e+00 -9.9152054942e-01
   outer loop
     vertex 4.7668001788e-01 -1.6000000000e+00 -3.1944067044e-03
     vertex 4.7668001788e-01 -2.0000000000e+00 -3.1944067044e-03
     vertex 4.5731408473e-01 -2.0000000000e+00 -5.7325314398e-03
   endloop
 endfacet
 facet normal  1.2994999072e-01 0.0000000000e+00 -9.9152054942e-01
   outer loop
     vertex 4.7668001788e-01 -1.6000000000e+00 -3.1944067044e-03
     vertex 4.5731408473e-01 -2.0000000000e+00 -5.7325314398e-03
     vertex 4.5731408473e-01 -1.6000000000e+00 -5.7325314398e-03
   endloop
 endfacet
 facet normal  1.2403339551e-01 0.0000000000e+00 -9.9227804410e-01
   outer loop
     vertex 4.5731408473e-01 -1.6000000000e+00 -5.7325314398e-03
     vertex 4.5731408473e-01 -2.0000000000e+00 -5.7325314398e-03
     vertex 4.3082896133e-01 -2.0000000000e+00 -9.0431355647e-03
   endloop
 endfacet
 facet normal  1.2403339551e-01 0.0000000000e+00 -9.9227804410e-01
   outer loop
     vertex 4.5731408473e-01 -1.6000000000e+00 -5.7325314398e-03
     vertex 4.3082896133e-01 -2.0000000000e+00 -9.0431355647e-03
     vertex 4.3082896133e-01 -1.6000000000e+00 -9.0431355647e-03
   endloop
 endfacet
 facet normal  1.1633378193e-01 0.0000000000e+00 -9.9321017473e-01
   outer loop
     vertex 4.3082896133e-01 -1.6000000000e+00 -9.0431355647e-03
     vertex 4.3082896133e-01 -2.0000000000e+00 -9.0431355647e-03
     vertex 3.9601714205e-01 -2.0000000000e+00 -1.3120611508e-02
   endloop
 endfacet
 facet normal  1.1633378193e-01 0.0000000000e+00 -9.9321017473e-01
   outer loop
     vertex 4.3082896133e-01 -1.6000000000e+00 -9.0431355647e-03
     vertex 3.9601714205e-01 -2.0000000000e+00 -1.3120611508e-02
     vertex 3.9601714205e-01 -1.6000000000e+00 -1.3120611508e-02
   endloop
 endfacet
 facet normal  1.0627101432e-01 0.0000000000e+00 -9.9433720212e-01
   outer loop
     vertex 3.9601714205e-01 -1.6000000000e+00 -1.3120611508e-02
     vertex 3.9601714205e-01 -2.0000000000e+00 -1.3120611508e-02
     vertex 3.5257223469e-01 -2.0000000000e+00 -1.7763839542e-02
   endloop
 endfacet
 facet normal  1.0627101432e-01 0.0000000000e+00 -9.9433720212e-01
   outer loop
     vertex 3.9601714205e-01 -1.6000000000e+00 -1.3120611508e-02
     vertex 3.5257223469e-01 -2.0000000000e+00 -1.7763839542e-02
     vertex 3.5257223469e-01 -1.6000000000e+00 -1.7763839542e-02
   endloop
 endfacet
 facet normal  9.2885301566e-02 0.0000000000e+00 -9.9567681541e-01
   outer loop
     vertex 3.5257223469e-01 -1.6000000000e+00 -1.7763839542e-02
     vertex 3.5257223469e-01 -2.0000000000e+00 -1.7763839542e-02
     vertex 3.0172720262e-01 -2.0000000000e+00 -2.2507101676e-02
   endloop
 endfacet
 facet normal  9.2885301566e-02 0.0000000000e+00 -9.9567681541e-01
   outer loop
     vertex 3.5257223469e-01 -1.6000000000e+00 -1.7763839542e-02
     vertex 3.0172720262e-01 -2.0000000000e+00 -2.2507101676e-02
     vertex 3.0172720262e-01 -1.6000000000e+00 -2.2507101676e-02
   endloop
 endfacet
 facet normal  7.4399363779e-02 0.0000000000e+00 -9.9722852680e-01
   outer loop
     vertex 3.0172720262e-01 -1.6000000000e+00 -2.2507101676e-02
     vertex 3.0172720262e-01 -2.0000000000e+00 -2.2507101676e-02
     vertex 2.4650630310e-01 -2.0000000000e+00 -2.6626919432e-02
   endloop
 endfacet
 facet normal  7.4399363779e-02 -5.1624929178e-18 -9.9722852680e-01
   outer loop
     vertex 3.0172720262e-01 -1.6000000000e+00 -2.2507101676e-02
     vertex 2.4650630310e-01 -2.0000000000e+00 -2.6626919432e-02
     vertex 2.4650630310e-01 -1.6000000000e+00 -2.6626919432e-02
   endloop
 endfacet
 facet normal  4.8455648455e-02 -3.3622860367e-18 -9.9882533515e-01
   outer loop
     vertex 2.4650630310e-01 -1.6000000000e+00 -2.6626919432e-02
     vertex 2.4650630310e-01 -2.0000000000e+00 -2.6626919432e-02
     vertex 1.9119794622e-01 -1.6000000000e+00 -2.9310073536e-02
   endloop
 endfacet
 facet normal  4.8455648455e-02 0.0000000000e+00 -9.9882533515e-01
   outer loop
     vertex 2.4650630310e-01 -2.0000000000e+00 -2.6626919432e-02
     vertex 1.9119794622e-01 -2.0000000000e+00 -2.9310073536e-02
     vertex 1.9119794622e-01 -1.6000000000e+00 -2.9310073536e-02
   endloop
 endfacet
 facet normal  1.2805392029e-02 0.0000000000e+00 -9.9991800761e-01
   outer loop
     vertex 1.9119794622e-01 -1.6000000000e+00 -2.9310073536e-02
     vertex 1.9119794622e-01 -2.0000000000e+00 -2.9310073536e-02
     vertex 1.4013923911e-01 -1.6000000000e+00 -2.9963953911e-02
   endloop
 endfacet
 facet normal  1.2805392029e-02 0.0000000000e+00 -9.9991800761e-01
   outer loop
     vertex 1.9119794622e-01 -2.0000000000e+00 -2.9310073536e-02
     vertex 1.4013923911e-01 -2.0000000000e+00 -2.9963953911e-02
     vertex 1.4013923911e-01 -1.6000000000e+00 -2.9963953911e-02
   endloop
 endfacet
 facet normal  -3.4216953933e-02 0.0000000000e+00 -9.9941442858e-01
   outer loop
     vertex 1.4013923911e-01 -1.6000000000e+00 -2.9963953911e-02
     vertex 1.4013923911e-01 -2.0000000000e+00 -2.9963953911e-02
     vertex 9.6477207371e-02 -1.6000000000e+00 -2.8469096836e-02
   endloop
 endfacet
 facet normal  -3.4216953933e-02 0.0000000000e+00 -9.9941442858e-01
   outer loop
     vertex 1.4013923911e-01 -2.0000000000e+00 -2.9963953911e-02
     vertex 9.6477207371e-02 -2.0000000000e+00 -2.8469096836e-02
     vertex 9.6477207371e-02 -1.6000000000e+00 -2.8469096836e-02
   endloop
 endfacet
 facet normal  -9.4624214898e-02 0.0000000000e+00 -9.9551306267e-01
   outer loop
     vertex 9.6477207371e-02 -1.6000000000e+00 -2.8469096836e-02
     vertex 9.6477207371e-02 -2.0000000000e+00 -2.8469096836e-02
     vertex 6.1591102994e-02 -1.6000000000e+00 -2.5153148145e-02
   endloop
 endfacet
 facet normal  -9.4624214898e-02 0.0000000000e+00 -9.9551306267e-01
   outer loop
     vertex 9.6477207371e-02 -2.0000000000e+00 -2.8469096836e-02
     vertex 6.1591102994e-02 -2.0000000000e+00 -2.5153148145e-02
     vertex 6.1591102994e-02 -1.6000000000e+00 -2.5153148145e-02
   endloop
 endfacet
 facet normal  -1.7390258613e-01 0.0000000000e+00 -9.8476286005e-01
   outer loop
     vertex 6.1591102994e-02 -1.6000000000e+00 -2.5153148145e-02
     vertex 6.1591102994e-02 -2.0000000000e+00 -2.5153148145e-02
     vertex 3.5315844343e-02 -1.6000000000e+00 -2.0513111832e-02
   endloop
 endfacet
 facet normal  -1.7390258613e-01 0.0000000000e+00 -9.8476286005e-01
   outer loop
     vertex 6.1591102994e-02 -2.0000000000e+00 -2.5153148145e-02
     vertex 3.5315844343e-02 -2.0000000000e+00 -2.0513111832e-02
     vertex 3.5315844343e-02 -1.6000000000e+00 -2.0513111832e-02
   endloop
 endfacet
 facet normal  -2.8796319051e-01 0.0000000000e+00 -9.5764147828e-01
   outer loop
     vertex 3.5315844343e-02 -1.6000000000e+00 -2.0513111832e-02
     vertex 3.5315844343e-02 -2.0000000000e+00 -2.0513111832e-02
     vertex 1.6628583540e-02 -1.6000000000e+00 -1.4893844742e-02
   endloop
 endfacet
 facet normal  -2.8796319051e-01 0.0000000000e+00 -9.5764147828e-01
   outer loop
     vertex 3.5315844343e-02 -2.0000000000e+00 -2.0513111832e-02
     vertex 1.6628583540e-02 -2.0000000000e+00 -1.4893844742e-02
     vertex 1.6628583540e-02 -1.6000000000e+00 -1.4893844742e-02
   endloop
 endfacet
 facet normal  -4.8644732468e-01 0.0000000000e+00 -8.7370990627e-01
   outer loop
     vertex 1.6628583540e-02 -1.6000000000e+00 -1.4893844742e-02
     vertex 1.6628583540e-02 -2.0000000000e+00 -1.4893844742e-02
     vertex 4.5527334264e-03 -1.6000000000e+00 -8.1704861777e-03
   endloop
 endfacet
 facet normal  -4.8644732468e-01 0.0000000000e+00 -8.7370990627e-01
   outer loop
     vertex 1.6628583540e-02 -2.0000000000e+00 -1.4893844742e-02
     vertex 4.5527334264e-03 -2.0000000000e+00 -8.1704861777e-03
     vertex 4.5527334264e-03 -1.6000000000e+00 -8.1704861777e-03
   endloop
 endfacet
 facet normal  -8.7354045498e-01 0.0000000000e+00 -4.8675155214e-01
   outer loop
     vertex 4.5527334264e-03 -1.6000000000e+00 -8.1704861777e-03
     vertex 4.5527334264e-03 -2.0000000000e+00 -8.1704861777e-03
     vertex 0.0000000000e+00 -1.6000000000e+00 0.0000000000e+00
   endloop
 endfacet
 facet normal  -8.7354045498e-01 0.0000000000e+00 -4.8675155214e-01
   outer loop
     vertex 4.5527334264e-03 -2.0000000000e+00 -8.1704861777e-03
     vertex 0.0000000000e+00 -2.0000000000e+00 0.0000000000e+00
     vertex 0.0000000000e+00 -1.6000000000e+00 0.0000000000e+00
   endloop
 endfacet
 facet normal  -8.7354045498e-01 0.0000000000e+00 4.8675155214e-01
   outer loop
     vertex 0.0000000000e+00 -1.6000000000e+00 0.0000000000e+00
     vertex 0.0000000000e+00 -2.0000000000e+00 0.0000000000e+00
     vertex 4.5527334264e-03 -2.0000000000e+00 8.1704861777e-03
   endloop
 endfacet
 facet normal  -8.7354045498e-01 0.0000000000e+00 4.8675155214e-01
   outer loop
     vertex 0.0000000000e+00 -1.6000000000e+00 0.0000000000e+00
     vertex 4.5527334264e-03 -2.0000000000e+00 8.1704861777e-03
     vertex 4.5527334264e-03 -1.6000000000e+00 8.1704861777e-03
   endloop
 endfacet
 facet normal  -4.8644732468e-01 0.0000000000e+00 8.7370990627e-01
   outer loop
     vertex 4.5527334264e-03 -1.6000000000e+00 8.1704861777e-03
     vertex 4.5527334264e-03 -2.0000000000e+00 8.1704861777e-03
     vertex 1.6628583540e-02 -2.0000000000e+00 1.4893844742e-02
   endloop
 endfacet
 facet normal  -4.8644732468e-01 3.7891127140e-18 8.7370990627e-01
   outer loop
     vertex 4.5527334264e-03 -1.6000000000e+00 8.1704861777e-03
     vertex 1.6628583540e-02 -2.0000000000e+00 1.4893844742e-02
     vertex 1.6628583540e-02 -1.6000000000e+00 1.4893844742e-02
   endloop
 endfacet
 facet normal  -2.8796319051e-01 4.1531078848e-18 9.5764147828e-01
   outer loop
     vertex 1.6628583540e-02 -1.6000000000e+00 1.4893844742e-02
     vertex 1.6628583540e-02 -2.0000000000e+00 1.4893844742e-02
     vertex 3.5315844343e-02 -2.0000000000e+00 2.0513111832e-02
   endloop
 endfacet
 facet normal  -2.8796319051e-01 0.0000000000e+00 9.5764147828e-01
   outer loop
     vertex 1.6628583540e-02 -1.6000000000e+00 1.4893844742e-02
     vertex 3.5315844343e-02 -2.0000000000e+00 2.0513111832e-02
     vertex 3.5315844343e-02 -1.6000000000e+00 2.0513111832e-02
   endloop
 endfacet
 facet normal  -1.7390258613e-01 0.0000000000e+00 9.8476286005e-01
   outer loop
     vertex 3.5315844343e-02 -1.6000000000e+00 2.0513111832e-02
     vertex 3.5315844343e-02 -2.0000000000e+00 2.0513111832e-02
     vertex 6.1591102994e-02 -2.0000000000e+00 2.5153148145e-02
   endloop
 endfacet
 facet normal  -1.7390258613e-01 0.0000000000e+00 9.8476286005e-01
   outer loop
     vertex 3.5315844343e-02 -1.6000000000e+00 2.0513111832e-02
     vertex 6.1591102994e-02 -2.0000000000e+00 2.5153148145e-02
     vertex 6.1591102994e-02 -1.6000000000e+00 2.5153148145e-02
   endloop
 endfacet
 facet normal  -9.4624214898e-02 0.0000000000e+00 9.9551306267e-01
   outer loop
     vertex 6.1591102994e-02 -1.6000000000e+00 2.5153148145e-02
     vertex 6.1591102994e-02 -2.0000000000e+00 2.5153148145e-02
     vertex 9.6477207371e-02 -2.0000000000e+00 2.8469096836e-02
   endloop
 endfacet
 facet normal  -9.4624214898e-02 0.0000000000e+00 9.9551306267e-01
   outer loop
     vertex 6.1591102994e-02 -1.6000000000e+00 2.5153148145e-02
     vertex 9.6477207371e-02 -2.0000000000e+00 2.8469096836e-02
     vertex 9.6477207371e-02 -1.6000000000e+00 2.8469096836e-02
   endloop
 endfacet
 facet normal  -3.4216953933e-02 0.0000000000e+00 9.9941442858e-01
   outer loop
     vertex 9.6477207371e-02 -1.6000000000e+00 2.8469096836e-02
     vertex 9.6477207371e-02 -2.0000000000e+00 2.8469096836e-02
     vertex 1.4013923911e-01 -2.0000000000e+00 2.9963953911e-02
   endloop
 endfacet
 facet normal  -3.4216953933e-02 0.0000000000e+00 9.9941442858e-01
   outer loop
     vertex 9.6477207371e-02 -1.6000000000e+00 2.8469096836e-02
     vertex 1.4013923911e-01 -2.0000000000e+00 2.9963953911e-02
     vertex 1.4013923911e-01 -1.6000000000e+00 2.9963953911e-02
   endloop
 endfacet
 facet normal  1.2805392029e-02 -0.0000000000e+00 9.9991800761e-01
   outer loop
     vertex 1.4013923911e-01 -1.6000000000e+00 2.9963953911e-02
     vertex 1.4013923911e-01 -2.0000000000e+00 2.9963953911e-02
     vertex 1.9119794622e-01 -2.0000000000e+00 2.9310073536e-02
   endloop
 endfacet
 facet normal  1.2805392029e-02 -8.6729062092e-18 9.9991800761e-01
   outer loop
     vertex 1.4013923911e-01 -1.6000000000e+00 2.9963953911e-02
     vertex 1.9119794622e-01 -2.0000000000e+00 2.9310073536e-02
     vertex 1.9119794622e-01 -1.6000000000e+00 2.9310073536e-02
   endloop
 endfacet
 facet normal  4.8455648455e-02 -8.6634287864e-18 9.9882533515e-01
   outer loop
     vertex 1.9119794622e-01 -1.6000000000e+00 2.9310073536e-02
     vertex 1.9119794622e-01 -2.0000000000e+00 2.9310073536e-02
     vertex 2.4650630310e-01 -2.0000000000e+00 2.6626919432e-02
   endloop
 endfacet
 facet normal  4.8455648455e-02 -0.0000000000e+00 9.9882533515e-01
   outer loop
     vertex 1.9119794622e-01 -1.6000000000e+00 2.9310073536e-02
     vertex 2.4650630310e-01 -2.0000000000e+00 2.6626919432e-02
     vertex 2.4650630310e-01 -1.6000000000e+00 2.6626919432e-02
   endloop
 endfacet
 facet normal  7.4399363779e-02 -0.0000000000e+00 9.9722852680e-01
   outer loop
     vertex 2.4650630310e-01 -1.6000000000e+00 2.6626919432e-02
     vertex 2.4650630310e-01 -2.0000000000e+00 2.6626919432e-02
     vertex 3.0172720262e-01 -1.6000000000e+00 2.2507101676e-02
   endloop
 endfacet
 facet normal  7.4399363779e-02 -0.0000000000e+00 9.9722852680e-01
   outer loop
     vertex 2.4650630310e-01 -2.0000000000e+00 2.6626919432e-02
     vertex 3.0172720262e-01 -2.0000000000e+00 2.2507101676e-02
     vertex 3.0172720262e-01 -1.6000000000e+00 2.2507101676e-02
   endloop
 endfacet
 facet normal  9.2885301566e-02 -0.0000000000e+00 9.9567681541e-01
   outer loop
     vertex 3.0172720262e-01 -1.6000000000e+00 2.2507101676e-02
     vertex 3.0172720262e-01 -2.0000000000e+00 2.2507101676e-02
     vertex 3.5257223469e-01 -1.6000000000e+00 1.7763839542e-02
   endloop
 endfacet
 facet normal  9.2885301566e-02 -0.0000000000e+00 9.9567681541e-01
   outer loop
     vertex 3.0172720262e-01 -2.0000000000e+00 2.2507101676e-02
     vertex 3.5257223469e-01 -2.0000000000e+00 1.7763839542e-02
     vertex 3.5257223469e-01 -1.6000000000e+00 1.7763839542e-02
   endloop
 endfacet
 facet normal  1.0627101432e-01 -0.0000000000e+00 9.9433720212e-01
   outer loop
     vertex 3.5257223469e-01 -1.6000000000e+00 1.7763839542e-02
     vertex 3.5257223469e-01 -2.0000000000e+00 1.7763839542e-02
     vertex 3.9601714205e-01 -1.6000000000e+00 1.3120611508e-02
   endloop
 endfacet
 facet normal  1.0627101432e-01 -0.0000000000e+00 9.9433720212e-01
   outer loop
     vertex 3.5257223469e-01 -2.0000000000e+00 1.7763839542e-02
     vertex 3.9601714205e-01 -2.0000000000e+00 1.3120611508e-02
     vertex 3.9601714205e-01 -1.6000000000e+00 1.3120611508e-02
   endloop
 endfacet
 facet normal  1.1633378193e-01 -0.0000000000e+00 9.9321017473e-01
   outer loop
     vertex 3.9601714205e-01 -1.6000000000e+00 1.3120611508e-02
     vertex 3.9601714205e-01 -2.0000000000e+00 1.3120611508e-02
     vertex 4.3082896133e-01 -1.6000000000e+00 9.0431355647e-03
   endloop
 endfacet
 facet normal  1.1633378193e-01 -0.0000000000e+00 9.9321017473e-01
   outer loop
     vertex 3.9601714205e-01 -2.0000000000e+00 1.3120611508e-02
     vertex 4.3082896133e-01 -2.0000000000e+00 9.0431355647e-03
     vertex 4.3082896133e-01 -1.6000000000e+00 9.0431355647e-03
   endloop
 endfacet
 facet normal  1.2403339551e-01 -0.0000000000e+00 9.9227804410e-01
   outer loop
     vertex 4.3082896133e-01 -1.6000000000e+00 9.0431355647e-03
     vertex 4.3082896133e-01 -2.0000000000e+00 9.0431355647e-03
     vertex 4.5731408473e-01 -1.6000000000e+00 5.7325314398e-03
   endloop
 endfacet
 facet normal  1.2403339551e-01 -1.7213091440e-17 9.9227804410e-01
   outer loop
     vertex 4.3082896133e-01 -2.0000000000e+00 9.0431355647e-03
     vertex 4.5731408473e-01 -2.0000000000e+00 5.7325314398e-03
     vertex 4.5731408473e-01 -1.6000000000e+00 5.7325314398e-03
   endloop
 endfacet
 facet normal  1.2994999072e-01 -1.8034183968e-17 9.9152054942e-01
   outer loop
     vertex 4.5731408473e-01 -1.6000000000e+00 5.7325314398e-03
     vertex 4.5731408473e-01 -2.0000000000e+00 5.7325314398e-03
     vertex 4.7668001788e-01 -1.6000000000e+00 3.1944067044e-03
   endloop
 endfacet
 facet normal  1.2994999072e-01 1.8034183968e-17 9.9152054942e-01
   outer loop
     vertex 4.5731408473e-01 -2.0000000000e+00 5.7325314398e-03
     vertex 4.7668001788e-01 -2.0000000000e+00 3.1944067044e-03
     vertex 4.7668001788e-01 -1.6000000000e+00 3.1944067044e-03
   endloop
 endfacet
 facet normal  1.3439440070e-01 1.8650969754e-17 9.9092792122e-01
   outer loop
     vertex 4.7668001788e-01 -1.6000000000e+00 3.1944067044e-03
     vertex 4.7668001788e-01 -2.0000000000e+00 3.1944067044e-03
     vertex 4.9043339863e-01 -1.6000000000e+00 1.3291071969e-03
   endloop
 endfacet
 facet normal  1.3439440070e-01 -0.0000000000e+00 9.9092792122e-01
   outer loop
     vertex 4.7668001788e-01 -2.0000000000e+00 3.1944067044e-03
     vertex 4.9043339863e-01 -2.0000000000e+00 1.3291071969e-03
     vertex 4.9043339863e-01 -1.6000000000e+00 1.3291071969e-03
   endloop
 endfacet
 facet normal  1.3761027770e-01 -0.0000000000e+00 9.9048645194e-01
   outer loop
     vertex 4.9043339863e-01 -1.6000000000e+00 1.3291071969e-03
     vertex 4.9043339863e-01 -2.0000000000e+00 1.3291071969e-03
     vertex 5.0000000000e-01 -1.6000000000e+00 0.0000000000e+00
   endloop
 endfacet
 facet normal  1.3761027770e-01 -0.0000000000e+00 9.9048645194e-01
   outer loop
     vertex 4.9043339863e-01 -2.0000000000e+00 1.3291071969e-03
     vertex 5.0000000000e-01 -2.0000000000e+00 0.0000000000e+00
     vertex 5.0000000000e-01 -1.6000000000e+00 0.0000000000e+00
   endloop
 endfacet
 facet normal  0.0000000000e+00 -1.0000000000e+00 0.0000000000e+00
   outer loop
     vertex 5.0000000000e-01 -2.0000000000e+00 0.0000000000e+00
     vertex 4.9043339863e-01 -2.0000000000e+00 -6.6455359845e-04
     vertex 4.9043339863e-01 -2.0000000000e+00 -1.3291071969e-03
   endloop
 endfacet
 facet normal  0.0000000000e+00 -1.0000000000e+00 -0.0000000000e+00
   outer loop
     vertex 4.9043339863e-01 -2.0000000000e+00 -1.3291071969e-03
     vertex 4.9043339863e-01 -2.0000000000e+00 -6.6455359845e-04
     vertex 4.7668001788e-01 -2.0000000000e+00 -1.5972033522e-03
   endloop
 endfacet
 facet normal  0.0000000000e+00 -1.0000000000e+00 0.0000000000e+00
   outer loop
     vertex 4.9043339863e-01 -2.0000000000e+00 -1.3291071969e-03
     vertex 4.7668001788e-01 -2.0000000000e+00 -1.5972033522e-03
     vertex 4.7668001788e-01 -2.0000000000e+00 -3.1944067044e-03
   endloop
 endfacet
 facet normal  0.0000000000e+00 -1.0000000000e+00 -0.0000000000e+00
   outer loop
     vertex 4.7668001788e-01 -2.0000000000e+00 -3.1944067044e-03
     vertex 4.7668001788e-01 -2.0000000000e+00 -1.5972033522e-03
     vertex 4.5731408473e-01 -2.0000000000e+00 -2.8662657199e-03
   endloop
 endfacet
 facet normal  0.0000000000e+00 -1.0000000000e+00 0.0000000000e+00
   outer loop
     vertex 4.7668001788e-01 -2.0000000000e+00 -3.1944067044e-03
     vertex 4.5731408473e-01 -2.0000000000e+00 -2.8662657199e-03
     vertex 4.5731408473e-01 -2.0000000000e+00 -5.7325314398e-03
   endloop
 endfacet
 facet normal  0.0000000000e+00 -1.0000000000e+00 -0.0000000000e+00
   outer loop
     vertex 4.5731408473e-01 -2.0000000000e+00 -5.7325314398e-03
     vertex 4.5731408473e-01 -2.0000000000e+00 -2.8662657199e-03
     vertex 4.3082896133e-01 -2.0000000000e+00 -4.5215677824e-03
   endloop
 endfacet
 facet normal  0.0000000000e+00 -1.0000000000e+00 0.0000000000e+00
   outer loop
     vertex 4.5731408473e-01 -2.0000000000e+00 -5.7325314398e-03
     vertex 4.3082896133e-01 -2.0000000000e+00 -4.5215677824e-03
     vertex 4.3082896133e-01 -2.0000000000e+00 -9.0431355647e-03
   endloop
 endfacet
 facet normal  0.0000000000e+00 -1.0000000000e+00 -0.0000000000e+00
   outer loop
     vertex 4.3082896133e-01 -2.0000000000e+00 -9.0431355647e-03
     vertex 4.3082896133e-01 -2.0000000000e+00 -4.5215677824e-03
     vertex 3.9601714205e-01 -2.0000000000e+00 -6.5603057538e-03
   endloop
 endfacet
 facet normal  0.0000000000e+00 -1.0000000000e+00 -0.0000000000e+00
   outer loop
     vertex 4.3082896133e-01 -2.0000000000e+00 -9.0431355647e-03
     vertex 3.9601714205e-01 -2.0000000000e+00 -6.5603057538e-03
     vertex 3.9601714205e-01 -2.0000000000e+00 -1.3120611508e-02
   endloop
 endfacet
 facet normal  0.0000000000e+00 -1.0000000000e+00 0.0000000000e+00
   outer loop
     vertex 3.9601714205e-01 -2.0000000000e+00 -1.3120611508e-02
     vertex 3.9601714205e-01 -2.0000000000e+00 -6.5603057538e-03
     vertex 3.5257223469e-01 -2.0000000000e+00 -8.8819197708e-03
   endloop
 endfacet
 facet normal  0.0000000000e+00 -1.0000000000e+00 -0.0000000000e+00
   outer loop
     vertex 3.9601714205e-01 -2.0000000000e+00 -1.3120611508e-02
     vertex 3.5257223469e-01 -2.0000000000e+00 -8.8819197708e-03
     vertex 3.5257223469e-01 -2.0000000000e+00 -1.7763839542e-02
   endloop
 endfacet
 facet normal  0.0000000000e+00 -1.0000000000e+00 0.0000000000e+00
   outer loop
     vertex 3.5257223469e-01 -2.0000000000e+00 -1.7763839542e-02
     vertex 3.5257223469e-01 -2.0000000000e+00 -8.8819197708e-03
     vertex 3.0172720262e-01 -2.0000000000e+00 -1.1253550838e-02
   endloop
 endfacet
 facet normal  0.0000000000e+00 -1.0000000000e+00 -0.0000000000e+00
   outer loop
     vertex 3.5257223469e-01 -2.0000000000e+00 -1.7763839542e-02
     vertex 3.0172720262e-01 -2.0000000000e+00 -1.1253550838e-02
     vertex 3.0172720262e-01 -2.0000000000e+00 -2.2507101676e-02
   endloop
 endfacet
 facet normal  0.0000000000e+00 -1.0000000000e+00 0.0000000000e+00
   outer loop
     vertex 3.0172720262e-01 -2.0000000000e+00 -2.2507101676e-02
     vertex 3.0172720262e-01 -2.0000000000e+00 -1.1253550838e-02
     vertex 2.4650630310e-01 -2.0000000000e+00 -1.3313459716e-02
   endloop
 endfacet
 facet normal  0.0000000000e+00 -1.0000000000e+00 -0.0000000000e+00
   outer loop
     vertex 3.0172720262e-01 -2.0000000000e+00 -2.2507101676e-02
     vertex 2.4650630310e-01 -2.0000000000e+00 -1.3313459716e-02
     vertex 2.4650630310e-01 -2.0000000000e+00 -2.6626919432e-02
   endloop
 endfacet
 facet normal  0.0000000000e+00 -1.0000000000e+00 0.0000000000e+00
   outer loop
     vertex 2.4650630310e-01 -2.0000000000e+00 -2.6626919432e-02
     vertex 2.4650630310e-01 -2.0000000000e+00 -1.3313459716e-02
     vertex 1.9119794622e-01 -2.0000000000e+00 -2.9310073536e-02
   endloop
 endfacet
 facet normal  0.0000000000e+00 -1.0000000000e+00 -0.0000000000e+00
   outer loop
     vertex 2.4650630310e-01 -2.0000000000e+00 -1.3313459716e-02
     vertex 1.9119794622e-01 -2.0000000000e+00 -1.4655036768e-02
     vertex 1.9119794622e-01 -2.0000000000e+00 -2.9310073536e-02
   endloop
 endfacet
 facet normal  0.0000000000e+00 -1.0000000000e+00 0.0000000000e+00
   outer loop
     vertex 1.9119794622e-01 -2.0000000000e+00 -2.9310073536e-02
     vertex 1.9119794622e-01 -2.0000000000e+00 -1.4655036768e-02
     vertex 1.4013923911e-01 -2.0000000000e+00 -2.9963953911e-02
   endloop
 endfacet
 facet normal  0.0000000000e+00 -1.0000000000e+00 -0.0000000000e+00
   outer loop
     vertex 1.9119794622e-01 -2.0000000000e+00 -1.4655036768e-02
     vertex 1.4013923911e-01 -2.0000000000e+00 -1.4981976955e-02
     vertex 1.4013923911e-01 -2.0000000000e+00 -2.9963953911e-02
   endloop
 endfacet
 facet normal  0.0000000000e+00 -1.0000000000e+00 0.0000000000e+00
   outer loop
     vertex 1.4013923911e-01 -2.0000000000e+00 -2.9963953911e-02
     vertex 1.4013923911e-01 -2.0000000000e+00 -1.4981976955e-02
     vertex 9.6477207371e-02 -2.0000000000e+00 -2.8469096836e-02
   endloop
 endfacet
 facet normal  0.0000000000e+00 -1.0000000000e+00 -0.0000000000e+00
   outer loop
     vertex 1.4013923911e-01 -2.0000000000e+00 -1.4981976955e-02
     vertex 9.6477207371e-02 -2.0000000000e+00 -1.4234548418e-02
     vertex 9.6477207371e-02 -2.0000000000e+00 -2.8469096836e-02
   endloop
 endfacet
 facet normal  0.0000000000e+00 -1.0000000000e+00 0.0000000000e+00
   outer loop
     vertex 9.6477207371e-02 -2.0000000000e+00 -2.8469096836e-02
     vertex 9.6477207371e-02 -2.0000000000e+00 -1.4234548418e-02
     vertex 6.1591102994e-02 -2.0000000000e+00 -2.5153148145e-02
   endloop
 endfacet
 facet normal  0.0000000000e+00 -1.0000000000e+00 -0.0000000000e+00
   outer loop
     vertex 9.6477207371e-02 -2.0000000000e+00 -1.4234548418e-02
     vertex 6.1591102994e-02 -2.0000000000e+00 -1.2576574072e-02
     vertex 6.1591102994e-02 -2.0000000000e+00 -2.5153148145e-02
   endloop
 endfacet
 facet normal  0.0000000000e+00 -1.0000000000e+00 0.0000000000e+00
   outer loop
     vertex 6.1591102994e-02 -2.0000000000e+00 -2.5153148145e-02
     vertex 6.1591102994e-02 -2.0000000000e+00 -1.2576574072e-02
     vertex 3.5315844343e-02 -2.0000000000e+00 -2.0513111832e-02
   endloop
 endfacet
 facet normal  0.0000000000e+00 -1.0000000000e+00 -0.0000000000e+00
   outer loop
     vertex 6.1591102994e-02 -2.0000000000e+00 -1.2576574072e-02
     vertex 3.5315844343e-02 -2.0000000000e+00 -1.0256555916e-02
     vertex 3.5315844343e-02 -2.0000000000e+00 -2.0513111832e-02
   endloop
 endfacet
 facet normal  0.0000000000e+00 -1.0000000000e+00 0.0000000000e+00
   outer loop
     vertex 3.5315844343e-02 -2.0000000000e+00 -2.0513111832e-02
     vertex 3.5315844343e-02 -2.0000000000e+00 -1.0256555916e-02
     vertex 1.6628583540e-02 -2.0000000000e+00 -1.4893844742e-02
   endloop
 endfacet
 facet normal  0.0000000000e+00 -1.0000000000e+00 -0.0000000000e+00
   outer loop
     vertex 3.5315844343e-02 -2.0000000000e+00 -1.0256555916e-02
     vertex 1.6628583540e-02 -2.0000000000e+00 -7.4469223709e-03
     vertex 1.6628583540e-02 -2.0000000000e+00 -1.4893844742e-02
   endloop
 endfacet
 facet normal  0.0000000000e+00 -1.0000000000e+00 0.0000000000e+00
   outer loop
     vertex 1.6628583540e-02 -2.0000000000e+00 -1.4893844742e-02
     vertex 1.6628583540e-02 -2.0000000000e+00 -7.4469223709e-03
     vertex 4.5527334264e-03 -2.0000000000e+00 -8.1704861777e-03
   endloop
 endfacet
 facet normal  0.0000000000e+00 -1.0000000000e+00 -0.0000000000e+00
   outer loop
     vertex 1.6628583540e-02 -2.0000000000e+00 -7.4469223709e-03
     vertex 4.5527334264e-03 -2.0000000000e+00 -4.0852430888e-03
     vertex 4.5527334264e-03 -2.0000000000e+00 -8.1704861777e-03
   endloop
 endfacet
 facet normal  -0.0000000000e+00 -1.0000000000e+00 0.0000000000e+00
   outer loop
     vertex 4.5527334264e-03 -2.0000000000e+00 -8.1704861777e-03
     vertex 4.5527334264e-03 -2.0000000000e+00 -4.0852430888e-03
     vertex 0.0000000000e+00 -2.0000000000e+00 0.0000000000e+00
   endloop
 endfacet
 facet normal  -0.0000000000e+00 -1.0000000000e+00 0.0000000000e+00
   outer loop
     vertex 0.0000000000e+00 -2.0000000000e+00 0.0000000000e+00
     vertex 4.5527334264e-03 -2.0000000000e+00 4.0852430888e-03
     vertex 4.5527334264e-03 -2.0000000000e+00 8.1704861777e-03
   endloop
 endfacet
 facet normal  0.0000000000e+00 -1.0000000000e+00 0.0000000000e+00
   outer loop
     vertex 4.5527334264e-03 -2.0000000000e+00 8.1704861777e-03
     vertex 4.5527334264e-03 -2.0000000000e+00 4.0852430888e-03
     vertex 1.6628583540e-02 -2.0000000000e+00 7.4469223709e-03
   endloop
 endfacet
 facet normal  0.0000000000e+00 -1.0000000000e+00 0.0000000000e+00
   outer loop
     vertex 4.5527334264e-03 -2.0000000000e+00 8.1704861777e-03
     vertex 1.6628583540e-02 -2.0000000000e+00 7.4469223709e-03
     vertex 1.6628583540e-02 -2.0000000000e+00 1.4893844742e-02
   endloop
 endfacet
 facet normal  0.0000000000e+00 -1.0000000000e+00 0.0000000000e+00
   outer loop
     vertex 1.6628583540e-02 -2.0000000000e+00 1.4893844742e-02
     vertex 1.6628583540e-02 -2.0000000000e+00 7.4469223709e-03
     vertex 3.5315844343e-02 -2.0000000000e+00 1.0256555916e-02
   endloop
 endfacet
 facet normal  0.0000000000e+00 -1.0000000000e+00 0.0000000000e+00
   outer loop
     vertex 1.6628583540e-02 -2.0000000000e+00 1.4893844742e-02
     vertex 3.5315844343e-02 -2.0000000000e+00 1.0256555916e-02
     vertex 3.5315844343e-02 -2.0000000000e+00 2.0513111832e-02
   endloop
 endfacet
 facet normal  0.0000000000e+00 -1.0000000000e+00 0.0000000000e+00
   outer loop
     vertex 3.5315844343e-02 -2.0000000000e+00 2.0513111832e-02
     vertex 3.5315844343e-02 -2.0000000000e+00 1.0256555916e-02
     vertex 6.1591102994e-02 -2.0000000000e+00 1.2576574072e-02
   endloop
 endfacet
 facet normal  0.0000000000e+00 -1.0000000000e+00 0.0000000000e+00
   outer loop
     vertex 3.5315844343e-02 -2.0000000000e+00 2.0513111832e-02
     vertex 6.1591102994e-02 -2.0000000000e+00 1.2576574072e-02
     vertex 6.1591102994e-02 -2.0000000000e+00 2.5153148145e-02
   endloop
 endfacet
 facet normal  0.0000000000e+00 -1.0000000000e+00 0.0000000000e+00
   outer loop
     vertex 6.1591102994e-02 -2.0000000000e+00 2.5153148145e-02
     vertex 6.1591102994e-02 -2.0000000000e+00 1.2576574072e-02
     vertex 9.6477207371e-02 -2.0000000000e+00 1.4234548418e-02
   endloop
 endfacet
 facet normal  0.0000000000e+00 -1.0000000000e+00 0.0000000000e+00
   outer loop
     vertex 6.1591102994e-02 -2.0000000000e+00 2.5153148145e-02
     vertex 9.6477207371e-02 -2.0000000000e+00 1.4234548418e-02
     vertex 9.6477207371e-02 -2.0000000000e+00 2.8469096836e-02
   endloop
 endfacet
 facet normal  0.0000000000e+00 -1.0000000000e+00 0.0000000000e+00
   outer loop
     vertex 9.6477207371e-02 -2.0000000000e+00 2.8469096836e-02
     vertex 9.6477207371e-02 -2.0000000000e+00 1.4234548418e-02
     vertex 1.4013923911e-01 -2.0000000000e+00 1.4981976955e-02
   endloop
 endfacet
 facet normal  0.0000000000e+00 -1.0000000000e+00 0.0000000000e+00
   outer loop
     vertex 9.6477207371e-02 -2.0000000000e+00 2.8469096836e-02
     vertex 1.4013923911e-01 -2.0000000000e+00 1.4981976955e-02
     vertex 1.4013923911e-01 -2.0000000000e+00 2.9963953911e-02
   endloop
 endfacet
 facet normal  0.0000000000e+00 -1.0000000000e+00 0.0000000000e+00
   outer loop
     vertex 1.4013923911e-01 -2.0000000000e+00 2.9963953911e-02
     vertex 1.4013923911e-01 -2.0000000000e+00 1.4981976955e-02
     vertex 1.9119794622e-01 -2.0000000000e+00 1.4655036768e-02
   endloop
 endfacet
 facet normal  0.0000000000e+00 -1.0000000000e+00 0.0000000000e+00
   outer loop
     vertex 1.4013923911e-01 -2.0000000000e+00 2.9963953911e-02
     vertex 1.9119794622e-01 -2.0000000000e+00 1.4655036768e-02
     vertex 1.9119794622e-01 -2.0000000000e+00 2.9310073536e-02
   endloop
 endfacet
 facet normal  0.0000000000e+00 -1.0000000000e+00 0.0000000000e+00
   outer loop
     vertex 1.9119794622e-01 -2.0000000000e+00 2.9310073536e-02
     vertex 1.9119794622e-01 -2.0000000000e+00 1.4655036768e-02
     vertex 2.4650630310e-01 -2.0000000000e+00 1.3313459716e-02
   endloop
 endfacet
 facet normal  0.0000000000e+00 -1.0000000000e+00 0.0000000000e+00
   outer loop
     vertex 1.9119794622e-01 -2.0000000000e+00 2.9310073536e-02
     vertex 2.4650630310e-01 -2.0000000000e+00 1.3313459716e-02
     vertex 2.4650630310e-01 -2.0000000000e+00 2.6626919432e-02
   endloop
 endfacet
 facet normal  0.0000000000e+00 -1.0000000000e+00 0.0000000000e+00
   outer loop
     vertex 2.4650630310e-01 -2.0000000000e+00 2.6626919432e-02
     vertex 2.4650630310e-01 -2.0000000000e+00 1.3313459716e-02
     vertex 3.0172720262e-01 -2.0000000000e+00 2.2507101676e-02
   endloop
 endfacet
 facet normal  0.0000000000e+00 -1.0000000000e+00 0.0000000000e+00
   outer loop
     vertex 2.4650630310e-01 -2.0000000000e+00 1.3313459716e-02
     vertex 3.0172720262e-01 -2.0000000000e+00 1.1253550838e-02
     vertex 3.0172720262e-01 -2.0000000000e+00 2.2507101676e-02
   endloop
 endfacet
 facet normal  0.0000000000e+00 -1.0000000000e+00 0.0000000000e+00
   outer loop
     vertex 3.0172720262e-01 -2.0000000000e+00 2.2507101676e-02
     vertex 3.0172720262e-01 -2.0000000000e+00 1.1253550838e-02
     vertex 3.5257223469e-01 -2.0000000000e+00 1.7763839542e-02
   endloop
 endfacet
 facet normal  0.0000000000e+00 -1.0000000000e+00 0.0000000000e+00
   outer loop
     vertex 3.0172720262e-01 -2.0000000000e+00 1.1253550838e-02
     vertex 3.5257223469e-01 -2.0000000000e+00 8.8819197708e-03
     vertex 3.5257223469e-01 -2.0000000000e+00 1.7763839542e-02
   endloop
 endfacet
 facet normal  0.0000000000e+00 -1.0000000000e+00 0.0000000000e+00
   outer loop
     vertex 3.5257223469e-01 -2.0000000000e+00 1.7763839542e-02
     vertex 3.5257223469e-01 -2.0000000000e+00 8.8819197708e-03
     vertex 3.9601714205e-01 -2.0000000000e+00 1.3120611508e-02
   endloop
 endfacet
 facet normal  0.0000000000e+00 -1.0000000000e+00 0.0000000000e+00
   outer loop
     vertex 3.5257223469e-01 -2.0000000000e+00 8.8819197708e-03
     vertex 3.9601714205e-01 -2.0000000000e+00 6.5603057538e-03
     vertex 3.9601714205e-01 -2.0000000000e+00 1.3120611508e-02
   endloop
 endfacet
 facet normal  0.0000000000e+00 -1.0000000000e+00 0.0000000000e+00
   outer loop
     vertex 3.9601714205e-01 -2.0000000000e+00 1.3120611508e-02
     vertex 3.9601714205e-01 -2.0000000000e+00 6.5603057538e-03
     vertex 4.3082896133e-01 -2.0000000000e+00 9.0431355647e-03
   endloop
 endfacet
 facet normal  0.0000000000e+00 -1.0000000000e+00 0.0000000000e+00
   outer loop
     vertex 3.9601714205e-01 -2.0000000000e+00 6.5603057538e-03
     vertex 4.3082896133e-01 -2.0000000000e+00 4.5215677824e-03
     vertex 4.3082896133e-01 -2.0000000000e+00 9.0431355647e-03
   endloop
 endfacet
 facet normal  0.0000000000e+00 -1.0000000000e+00 0.0000000000e+00
   outer loop
     vertex 4.3082896133e-01 -2.0000000000e+00 9.0431355647e-03
     vertex 4.3082896133e-01 -2.0000000000e+00 4.5215677824e-03
     vertex 4.5731408473e-01 -2.0000000000e+00 5.7325314398e-03
   endloop
 endfacet
 facet normal  0.0000000000e+00 -1.0000000000e+00 0.0000000000e+00
   outer loop
     vertex 4.3082896133e-01 -2.0000000000e+00 4.5215677824e-03
     vertex 4.5731408473e-01 -2.0000000000e+00 2.8662657199e-03
     vertex 4.5731408473e-01 -2.0000000000e+00 5.7325314398e-03
   endloop
 endfacet
 facet normal  0.0000000000e+00 -1.0000000000e+00 0.0000000000e+00
   outer loop
     vertex 4.5731408473e-01 -2.0000000000e+00 5.7325314398e-03
     vertex 4.5731408473e-01 -2.0000000000e+00 2.8662657199e-03
     vertex 4.7668001788e-01 -2.0000000000e+00 3.1944067044e-03
   endloop
 endfacet
 facet normal  0.0000000000e+00 -1.0000000000e+00 0.0000000000e+00
   outer loop
     vertex 4.5731408473e-01 -2.0000000000e+00 2.8662657199e-03
     vertex 4.7668001788e-01 -2.0000000000e+00 1.5972033522e-03
     vertex 4.7668001788e-01 -2.0000000000e+00 3.1944067044e-03
   endloop
 endfacet
 facet normal  0.0000000000e+00 -1.0000000000e+00 0.0000000000e+00
   outer loop
     vertex 4.7668001788e-01 -2.0000000000e+00 3.1944067044e-03
     vertex 4.7668001788e-01 -2.0000000000e+00 1.5972033522e-03
     vertex 4.9043339863e-01 -2.0000000000e+00 1.3291071969e-03
   endloop
 endfacet
 facet normal  0.0000000000e+00 -1.0000000000e+00 0.0000000000e+00
   outer loop
     vertex 4.7668001788e-01 -2.0000000000e+00 1.5972033522e-03
     vertex 4.9043339863e-01 -2.0000000000e+00 6.6455359845e-04
     vertex 4.9043339863e-01 -2.0000000000e+00 1.3291071969e-03
   endloop
 endfacet
 facet normal  0.0000000000e+00 -1.0000000000e+00 0.0000000000e+00
   outer loop
     vertex 4.9043339863e-01 -2.0000000000e+00 1.3291071969e-03
     vertex 4.9043339863e-01 -2.0000000000e+00 6.6455359845e-04
     vertex 5.0000000000e-01 -2.0000000000e+00 0.0000000000e+00
   endloop
 endfacet
 facet normal  0.0000000000e+00 -1.0000000000e+00 0.0000000000e+00
   outer loop
     vertex 5.0000000000e-01 -2.0000000000e+00 0.0000000000e+00
     vertex 4.9043339863e-01 -2.0000000000e+00 1.0076624525e-16
     vertex 4.9043339863e-01 -2.0000000000e+00 -6.6455359845e-04
   endloop
 endfacet
 facet normal  -0.0000000000e+00 -1.0000000000e+00 -0.0000000000e+00
   outer loop
     vertex 4.9043339863e-01 -2.0000000000e+00 -6.6455359845e-04
     vertex 4.9043339863e-01 -2.0000000000e+00 1.0076624525e-16
     vertex 4.7668001788e-01 -2.0000000000e+00 1.3604509087e-16
   endloop
 endfacet
 facet normal  0.0000000000e+00 -1.0000000000e+00 0.0000000000e+00
   outer loop
     vertex 4.9043339863e-01 -2.0000000000e+00 -6.6455359845e-04
     vertex 4.7668001788e-01 -2.0000000000e+00 1.3604509087e-16
     vertex 4.7668001788e-01 -2.0000000000e+00 -1.5972033522e-03
   endloop
 endfacet
 facet normal  0.0000000000e+00 -1.0000000000e+00 -0.0000000000e+00
   outer loop
     vertex 4.7668001788e-01 -2.0000000000e+00 -1.5972033522e-03
     vertex 4.7668001788e-01 -2.0000000000e+00 1.3604509087e-16
     vertex 4.5731408473e-01 -2.0000000000e+00 6.7307976699e-17
   endloop
 endfacet
 facet normal  0.0000000000e+00 -1.0000000000e+00 0.0000000000e+00
   outer loop
     vertex 4.7668001788e-01 -2.0000000000e+00 -1.5972033522e-03
     vertex 4.5731408473e-01 -2.0000000000e+00 6.7307976699e-17
     vertex 4.5731408473e-01 -2.0000000000e+00 -2.8662657199e-03
   endloop
 endfacet
 facet normal  0.0000000000e+00 -1.0000000000e+00 -0.0000000000e+00
   outer loop
     vertex 4.5731408473e-01 -2.0000000000e+00 -2.8662657199e-03
     vertex 4.5731408473e-01 -2.0000000000e+00 6.7307976699e-17
     vertex 4.3082896133e-01 -2.0000000000e+00 4.1848092246e-18
   endloop
 endfacet
 facet normal  0.0000000000e+00 -1.0000000000e+00 0.0000000000e+00
   outer loop
     vertex 4.5731408473e-01 -2.0000000000e+00 -2.8662657199e-03
     vertex 4.3082896133e-01 -2.0000000000e+00 4.1848092246e-18
     vertex 4.3082896133e-01 -2.0000000000e+00 -4.5215677824e-03
   endloop
 endfacet
 facet normal  0.0000000000e+00 -1.0000000000e+00 -0.0000000000e+00
   outer loop
     vertex 4.3082896133e-01 -2.0000000000e+00 -4.5215677824e-03
     vertex 4.3082896133e-01 -2.0000000000e+00 4.1848092246e-18
     vertex 3.9601714205e-01 -2.0000000000e+00 -6.9382688280e-18
   endloop
 endfacet
 facet normal  0.0000000000e+00 -1.0000000000e+00 0.0000000000e+00
   outer loop
     vertex 4.3082896133e-01 -2.0000000000e+00 -4.5215677824e-03
     vertex 3.9601714205e-01 -2.0000000000e+00 -6.9382688280e-18
     vertex 3.9601714205e-01 -2.0000000000e+00 -6.5603057538e-03
   endloop
 endfacet
 facet normal  0.0000000000e+00 -1.0000000000e+00 -0.0000000000e+00
   outer loop
     vertex 3.9601714205e-01 -2.0000000000e+00 -6.5603057538e-03
     vertex 3.9601714205e-01 -2.0000000000e+00 -6.9382688280e-18
     vertex 3.5257223469e-01 -2.0000000000e+00 -2.3897798535e-17
   endloop
 endfacet
 facet normal  0.0000000000e+00 -1.0000000000e+00 -0.0000000000e+00
   outer loop
     vertex 3.9601714205e-01 -2.0000000000e+00 -6.5603057538e-03
     vertex 3.5257223469e-01 -2.0000000000e+00 -2.3897798535e-17
     vertex 3.5257223469e-01 -2.0000000000e+00 -8.8819197708e-03
   endloop
 endfacet
 facet normal  -0.0000000000e+00 -1.0000000000e+00 0.0000000000e+00
   outer loop
     vertex 3.5257223469e-01 -2.0000000000e+00 -8.8819197708e-03
     vertex 3.5257223469e-01 -2.0000000000e+00 -2.3897798535e-17
     vertex 3.0172720262e-01 -2.0000000000e+00 -1.3181530559e-17
   endloop
 endfacet
 facet normal  0.0000000000e+00 -1.0000000000e+00 -0.0000000000e+00
   outer loop
     vertex 3.5257223469e-01 -2.0000000000e+00 -8.8819197708e-03
     vertex 3.0172720262e-01 -2.0000000000e+00 -1.3181530559e-17
     vertex 3.0172720262e-01 -2.0000000000e+00 -1.1253550838e-02
   endloop
 endfacet
 facet normal  0.0000000000e+00 -1.0000000000e+00 0.0000000000e+00
   outer loop
     vertex 3.0172720262e-01 -2.0000000000e+00 -1.1253550838e-02
     vertex 3.0172720262e-01 -2.0000000000e+00 -1.3181530559e-17
     vertex 2.4650630310e-01 -2.0000000000e+00 -1.3877787808e-17
   endloop
 endfacet
 facet normal  0.0000000000e+00 -1.0000000000e+00 -0.0000000000e+00
   outer loop
     vertex 3.0172720262e-01 -2.0000000000e+00 -1.1253550838e-02
     vertex 2.4650630310e-01 -2.0000000000e+00 -1.3877787808e-17
     vertex 2.4650630310e-01 -2.0000000000e+00 -1.3313459716e-02
   endloop
 endfacet
 facet normal  0.0000000000e+00 -1.0000000000e+00 0.0000000000e+00
   outer loop
     vertex 2.4650630310e-01 -2.0000000000e+00 -1.3313459716e-02
     vertex 2.4650630310e-01 -2.0000000000e+00 -1.3877787808e-17
     vertex 1.9119794622e-01 -2.0000000000e+00 -1.4655036768e-02
   endloop
 endfacet
 facet normal  0.0000000000e+00 -1.0000000000e+00 -0.0000000000e+00
   outer loop
     vertex 2.4650630310e-01 -2.0000000000e+00 -1.3877787808e-17
     vertex 1.9119794622e-01 -2.0000000000e+00 -7.2538604524e-18
     vertex 1.9119794622e-01 -2.0000000000e+00 -1.4655036768e-02
   endloop
 endfacet
 facet normal  0.0000000000e+00 -1.0000000000e+00 0.0000000000e+00
   outer loop
     vertex 1.9119794622e-01 -2.0000000000e+00 -1.4655036768e-02
     vertex 1.9119794622e-01 -2.0000000000e+00 -7.2538604524e-18
     vertex 1.4013923911e-01 -2.0000000000e+00 -1.4981976955e-02
   endloop
 endfacet
 facet normal  0.0000000000e+00 -1.0000000000e+00 -0.0000000000e+00
   outer loop
     vertex 1.9119794622e-01 -2.0000000000e+00 -7.2538604524e-18
     vertex 1.4013923911e-01 -2.0000000000e+00 -7.1091296797e-19
     vertex 1.4013923911e-01 -2.0000000000e+00 -1.4981976955e-02
   endloop
 endfacet
 facet normal  0.0000000000e+00 -1.0000000000e+00 0.0000000000e+00
   outer loop
     vertex 1.4013923911e-01 -2.0000000000e+00 -1.4981976955e-02
     vertex 1.4013923911e-01 -2.0000000000e+00 -7.1091296797e-19
     vertex 9.6477207371e-02 -2.0000000000e+00 -1.4234548418e-02
   endloop
 endfacet
 facet normal  0.0000000000e+00 -1.0000000000e+00 -0.0000000000e+00
   outer loop
     vertex 1.4013923911e-01 -2.0000000000e+00 -7.1091296797e-19
     vertex 9.6477207371e-02 -2.0000000000e+00 4.3018404316e-18
     vertex 9.6477207371e-02 -2.0000000000e+00 -1.4234548418e-02
   endloop
 endfacet
 facet normal  0.0000000000e+00 -1.0000000000e+00 0.0000000000e+00
   outer loop
     vertex 9.6477207371e-02 -2.0000000000e+00 -1.4234548418e-02
     vertex 9.6477207371e-02 -2.0000000000e+00 4.3018404316e-18
     vertex 6.1591102994e-02 -2.0000000000e+00 -1.2576574072e-02
   endloop
 endfacet
 facet normal  0.0000000000e+00 -1.0000000000e+00 -0.0000000000e+00
   outer loop
     vertex 9.6477207371e-02 -2.0000000000e+00 4.3018404316e-18
     vertex 6.1591102994e-02 -2.0000000000e+00 2.5661817547e-17
     vertex 6.1591102994e-02 -2.0000000000e+00 -1.2576574072e-02
   endloop
 endfacet
 facet normal  0.0000000000e+00 -1.0000000000e+00 0.0000000000e+00
   outer loop
     vertex 6.1591102994e-02 -2.0000000000e+00 -1.2576574072e-02
     vertex 6.1591102994e-02 -2.0000000000e+00 2.5661817547e-17
     vertex 3.5315844343e-02 -2.0000000000e+00 -1.0256555916e-02
   endloop
 endfacet
 facet normal  0.0000000000e+00 -1.0000000000e+00 -0.0000000000e+00
   outer loop
     vertex 6.1591102994e-02 -2.0000000000e+00 2.5661817547e-17
     vertex 3.5315844343e-02 -2.0000000000e+00 3.8526315801e-17
     vertex 3.5315844343e-02 -2.0000000000e+00 -1.0256555916e-02
   endloop
 endfacet
 facet normal  0.0000000000e+00 -1.0000000000e+00 0.0000000000e+00
   outer loop
     vertex 3.5315844343e-02 -2.0000000000e+00 -1.0256555916e-02
     vertex 3.5315844343e-02 -2.0000000000e+00 3.8526315801e-17
     vertex 1.6628583540e-02 -2.0000000000e+00 -7.4469223709e-03
   endloop
 endfacet
 facet normal  0.0000000000e+00 -1.0000000000e+00 -0.0000000000e+00
   outer loop
     vertex 3.5315844343e-02 -2.0000000000e+00 3.8526315801e-17
     vertex 1.6628583540e-02 -2.0000000000e+00 4.4191183683e-17
     vertex 1.6628583540e-02 -2.0000000000e+00 -7.4469223709e-03
   endloop
 endfacet
 facet normal  0.0000000000e+00 -1.0000000000e+00 0.0000000000e+00
   outer loop
     vertex 1.6628583540e-02 -2.0000000000e+00 -7.4469223709e-03
     vertex 1.6628583540e-02 -2.0000000000e+00 4.4191183683e-17
     vertex 4.5527334264e-03 -2.0000000000e+00 -4.0852430888e-03
   endloop
 endfacet
 facet normal  0.0000000000e+00 -1.0000000000e+00 -0.0000000000e+00
   outer loop
     vertex 1.6628583540e-02 -2.0000000000e+00 4.4191183683e-17
     vertex 4.5527334264e-03 -2.0000000000e+00 2.9821455054e-17
     vertex 4.5527334264e-03 -2.0000000000e+00 -4.0852430888e-03
   endloop
 endfacet
 facet normal  0.0000000000e+00 -1.0000000000e+00 0.0000000000e+00
   outer loop
     vertex 4.5527334264e-03 -2.0000000000e+00 -4.0852430888e-03
     vertex 4.5527334264e-03 -2.0000000000e+00 2.9821455054e-17
     vertex 0.0000000000e+00 -2.0000000000e+00 0.0000000000e+00
   endloop
 endfacet
 facet normal  -0.0000000000e+00 -1.0000000000e+00 0.0000000000e+00
   outer loop
     vertex 0.0000000000e+00 -2.0000000000e+00 0.0000000000e+00
     vertex 4.5527334264e-03 -2.0000000000e+00 2.9821455054e-17
     vertex 4.5527334264e-03 -2.0000000000e+00 4.0852430888e-03
   endloop
 endfacet
 facet normal  0.0000000000e+00 -1.0000000000e+00 0.0000000000e+00
   outer loop
     vertex 4.5527334264e-03 -2.0000000000e+00 4.0852430888e-03
     vertex 4.5527334264e-03 -2.0000000000e+00 2.9821455054e-17
     vertex 1.6628583540e-02 -2.0000000000e+00 4.4191183683e-17
   endloop
 endfacet
 facet normal  0.0000000000e+00 -1.0000000000e+00 0.0000000000e+00
   outer loop
     vertex 4.5527334264e-03 -2.0000000000e+00 4.0852430888e-03
     vertex 1.6628583540e-02 -2.0000000000e+00 4.4191183683e-17
     vertex 1.6628583540e-02 -2.0000000000e+00 7.4469223709e-03
   endloop
 endfacet
 facet normal  0.0000000000e+00 -1.0000000000e+00 0.0000000000e+00
   outer loop
     vertex 1.6628583540e-02 -2.0000000000e+00 7.4469223709e-03
     vertex 1.6628583540e-02 -2.0000000000e+00 4.4191183683e-17
     vertex 3.5315844343e-02 -2.0000000000e+00 3.8526315801e-17
   endloop
 endfacet
 facet normal  0.0000000000e+00 -1.0000000000e+00 0.0000000000e+00
   outer loop
     vertex 1.6628583540e-02 -2.0000000000e+00 7.4469223709e-03
     vertex 3.5315844343e-02 -2.0000000000e+00 3.8526315801e-17
     vertex 3.5315844343e-02 -2.0000000000e+00 1.0256555916e-02
   endloop
 endfacet
 facet normal  0.0000000000e+00 -1.0000000000e+00 0.0000000000e+00
   outer loop
     vertex 3.5315844343e-02 -2.0000000000e+00 1.0256555916e-02
     vertex 3.5315844343e-02 -2.0000000000e+00 3.8526315801e-17
     vertex 6.1591102994e-02 -2.0000000000e+00 2.5661817547e-17
   endloop
 endfacet
 facet normal  0.0000000000e+00 -1.0000000000e+00 0.0000000000e+00
   outer loop
     vertex 3.5315844343e-02 -2.0000000000e+00 1.0256555916e-02
     vertex 6.1591102994e-02 -2.0000000000e+00 2.5661817547e-17
     vertex 6.1591102994e-02 -2.0000000000e+00 1.2576574072e-02
   endloop
 endfacet
 facet normal  0.0000000000e+00 -1.0000000000e+00 0.0000000000e+00
   outer loop
     vertex 6.1591102994e-02 -2.0000000000e+00 1.2576574072e-02
     vertex 6.1591102994e-02 -2.0000000000e+00 2.5661817547e-17
     vertex 9.6477207371e-02 -2.0000000000e+00 4.3018404316e-18
   endloop
 endfacet
 facet normal  0.0000000000e+00 -1.0000000000e+00 0.0000000000e+00
   outer loop
     vertex 6.1591102994e-02 -2.0000000000e+00 1.2576574072e-02
     vertex 9.6477207371e-02 -2.0000000000e+00 4.3018404316e-18
     vertex 9.6477207371e-02 -2.0000000000e+00 1.4234548418e-02
   endloop
 endfacet
 facet normal  0.0000000000e+00 -1.0000000000e+00 0.0000000000e+00
   outer loop
     vertex 9.6477207371e-02 -2.0000000000e+00 1.4234548418e-02
     vertex 9.6477207371e-02 -2.0000000000e+00 4.3018404316e-18
     vertex 1.4013923911e-01 -2.0000000000e+00 -7.1091296797e-19
   endloop
 endfacet
 facet normal  0.0000000000e+00 -1.0000000000e+00 0.0000000000e+00
   outer loop
     vertex 9.6477207371e-02 -2.0000000000e+00 1.4234548418e-02
     vertex 1.4013923911e-01 -2.0000000000e+00 -7.1091296797e-19
     vertex 1.4013923911e-01 -2.0000000000e+00 1.4981976955e-02
   endloop
 endfacet
 facet normal  0.0000000000e+00 -1.0000000000e+00 0.0000000000e+00
   outer loop
     vertex 1.4013923911e-01 -2.0000000000e+00 1.4981976955e-02
     vertex 1.4013923911e-01 -2.0000000000e+00 -7.1091296797e-19
     vertex 1.9119794622e-01 -2.0000000000e+00 -7.2538604524e-18
   endloop
 endfacet
 facet normal  0.0000000000e+00 -1.0000000000e+00 0.0000000000e+00
   outer loop
     vertex 1.4013923911e-01 -2.0000000000e+00 1.4981976955e-02
     vertex 1.9119794622e-01 -2.0000000000e+00 -7.2538604524e-18
     vertex 1.9119794622e-01 -2.0000000000e+00 1.4655036768e-02
   endloop
 endfacet
 facet normal  0.0000000000e+00 -1.0000000000e+00 0.0000000000e+00
   outer loop
     vertex 1.9119794622e-01 -2.0000000000e+00 1.4655036768e-02
     vertex 1.9119794622e-01 -2.0000000000e+00 -7.2538604524e-18
     vertex 2.4650630310e-01 -2.0000000000e+00 -1.3877787808e-17
   endloop
 endfacet
 facet normal  0.0000000000e+00 -1.0000000000e+00 0.0000000000e+00
   outer loop
     vertex 1.9119794622e-01 -2.0000000000e+00 1.4655036768e-02
     vertex 2.4650630310e-01 -2.0000000000e+00 -1.3877787808e-17
     vertex 2.4650630310e-01 -2.0000000000e+00 1.3313459716e-02
   endloop
 endfacet
 facet normal  0.0000000000e+00 -1.0000000000e+00 0.0000000000e+00
   outer loop
     vertex 2.4650630310e-01 -2.0000000000e+00 1.3313459716e-02
     vertex 2.4650630310e-01 -2.0000000000e+00 -1.3877787808e-17
     vertex 3.0172720262e-01 -2.0000000000e+00 1.1253550838e-02
   endloop
 endfacet
 facet normal  -0.0000000000e+00 -1.0000000000e+00 0.0000000000e+00
   outer loop
     vertex 2.4650630310e-01 -2.0000000000e+00 -1.3877787808e-17
     vertex 3.0172720262e-01 -2.0000000000e+00 -1.3181530559e-17
     vertex 3.0172720262e-01 -2.0000000000e+00 1.1253550838e-02
   endloop
 endfacet
 facet normal  0.0000000000e+00 -1.0000000000e+00 0.0000000000e+00
   outer loop
     vertex 3.0172720262e-01 -2.0000000000e+00 1.1253550838e-02
     vertex 3.0172720262e-01 -2.0000000000e+00 -1.3181530559e-17
     vertex 3.5257223469e-01 -2.0000000000e+00 8.8819197708e-03
   endloop
 endfacet
 facet normal  0.0000000000e+00 -1.0000000000e+00 0.0000000000e+00
   outer loop
     vertex 3.0172720262e-01 -2.0000000000e+00 -1.3181530559e-17
     vertex 3.5257223469e-01 -2.0000000000e+00 -2.3897798535e-17
     vertex 3.5257223469e-01 -2.0000000000e+00 8.8819197708e-03
   endloop
 endfacet
 facet normal  0.0000000000e+00 -1.0000000000e+00 0.0000000000e+00
   outer loop
     vertex 3.5257223469e-01 -2.0000000000e+00 8.8819197708e-03
     vertex 3.5257223469e-01 -2.0000000000e+00 -2.3897798535e-17
     vertex 3.9601714205e-01 -2.0000000000e+00 6.5603057538e-03
   endloop
 endfacet
 facet normal  -0.0000000000e+00 -1.0000000000e+00 0.0000000000e+00
   outer loop
     vertex 3.5257223469e-01 -2.0000000000e+00 -2.3897798535e-17
     vertex 3.9601714205e-01 -2.0000000000e+00 -6.9382688280e-18
     vertex 3.9601714205e-01 -2.0000000000e+00 6.5603057538e-03
   endloop
 endfacet
 facet normal  0.0000000000e+00 -1.0000000000e+00 0.0000000000e+00
   outer loop
     vertex 3.9601714205e-01 -2.0000000000e+00 6.5603057538e-03
     vertex 3.9601714205e-01 -2.0000000000e+00 -6.9382688280e-18
     vertex 4.3082896133e-01 -2.0000000000e+00 4.5215677824e-03
   endloop
 endfacet
 facet normal  -0.0000000000e+00 -1.0000000000e+00 0.0000000000e+00
   outer loop
     vertex 3.9601714205e-01 -2.0000000000e+00 -6.9382688280e-18
     vertex 4.3082896133e-01 -2.0000000000e+00 4.1848092246e-18
     vertex 4.3082896133e-01 -2.0000000000e+00 4.5215677824e-03
   endloop
 endfacet
 facet normal  0.0000000000e+00 -1.0000000000e+00 0.0000000000e+00
   outer loop
     vertex 4.3082896133e-01 -2.0000000000e+00 4.5215677824e-03
     vertex 4.3082896133e-01 -2.0000000000e+00 4.1848092246e-18
     vertex 4.5731408473e-01 -2.0000000000e+00 2.8662657199e-03
   endloop
 endfacet
 facet normal  -0.0000000000e+00 -1.0000000000e+00 0.0000000000e+00
   outer loop
     vertex 4.3082896133e-01 -2.0000000000e+00 4.1848092246e-18
     vertex 4.5731408473e-01 -2.0000000000e+00 6.7307976699e-17
     vertex 4.5731408473e-01 -2.0000000000e+00 2.8662657199e-03
   endloop
 endfacet
 facet normal  0.0000000000e+00 -1.0000000000e+00 0.0000000000e+00
   outer loop
     vertex 4.5731408473e-01 -2.0000000000e+00 2.8662657199e-03
     vertex 4.5731408473e-01 -2.0000000000e+00 6.7307976699e-17
     vertex 4.7668001788e-01 -2.0000000000e+00 1.5972033522e-03
   endloop
 endfacet
 facet normal  -0.0000000000e+00 -1.0000000000e+00 0.0000000000e+00
   outer loop
     vertex 4.5731408473e-01 -2.0000000000e+00 6.7307976699e-17
     vertex 4.7668001788e-01 -2.0000000000e+00 1.3604509087e-16
     vertex 4.7668001788e-01 -2.0000000000e+00 1.5972033522e-03
   endloop
 endfacet
 facet normal  0.0000000000e+00 -1.0000000000e+00 0.0000000000e+00
   outer loop
     vertex 4.7668001788e-01 -2.0000000000e+00 1.5972033522e-03
     vertex 4.7668001788e-01 -2.0000000000e+00 1.3604509087e-16
     vertex 4.9043339863e-01 -2.0000000000e+00 6.6455359845e-04
   endloop
 endfacet
 facet normal  0.0000000000e+00 -1.0000000000e+00 0.0000000000e+00
   outer loop
     vertex 4.7668001788e-01 -2.0000000000e+00 1.3604509087e-16
     vertex 4.9043339863e-01 -2.0000000000e+00 1.0076624525e-16
     vertex 4.9043339863e-01 -2.0000000000e+00 6.6455359845e-04
   endloop
 endfacet
 facet normal  0.0000000000e+00 -1.0000000000e+00 0.0000000000e+00
   outer loop
     vertex 4.9043339863e-01 -2.0000000000e+00 6.6455359845e-04
     vertex 4.9043339863e-01 -2.0000000000e+00 1.0076624525e-16
     vertex 5.0000000000e-01 -2.0000000000e+00 0.0000000000e+00
   endloop
 endfacet
endsolid
